date,participantId,jobId
2022-03-01T00:00:00Z,0,254
2022-03-01T00:00:00Z,1,929
2022-03-01T00:00:00Z,2,348
2022-03-01T00:00:00Z,3,316
2022-03-01T00:00:00Z,4,177
2022-03-02T16:25:00Z,4,329
2022-03-02T16:30:00Z,4,332
2022-03-01T00:00:00Z,5,33
2022-03-01T00:00:00Z,6,89
2022-03-01T00:00:00Z,7,270
2022-03-01T00:00:00Z,8,20
2022-03-01T00:00:00Z,9,21
2022-03-01T00:00:00Z,10,29
2022-03-01T00:00:00Z,11,625
2022-03-01T00:00:00Z,12,1205
2022-03-01T00:00:00Z,13,330
2022-03-01T00:00:00Z,14,139
2022-03-01T00:00:00Z,15,730
2022-03-01T00:00:00Z,16,297
2022-03-01T00:00:00Z,17,603
2022-03-01T00:00:00Z,18,278
2022-03-01T00:00:00Z,19,206
2022-03-01T00:00:00Z,20,342
2022-03-01T00:00:00Z,21,301
2022-03-01T00:00:00Z,22,102
2022-03-01T00:00:00Z,23,1037
2022-03-01T00:00:00Z,24,57
2022-03-01T00:00:00Z,25,159
2022-03-01T00:00:00Z,26,194
2022-03-01T00:00:00Z,27,585
2022-03-01T00:00:00Z,28,1244
2022-03-01T00:00:00Z,29,80
2022-03-01T00:00:00Z,30,154
2022-03-02T20:15:00Z,30,144
2022-03-02T20:35:00Z,30,632
2022-03-02T20:40:00Z,30,665
2022-03-02T20:50:00Z,30,1119
2022-03-02T21:00:00Z,30,619
2022-03-01T00:00:00Z,31,932
2022-03-01T00:00:00Z,32,832
2022-03-01T00:00:00Z,33,803
2022-03-01T00:00:00Z,34,319
2022-03-01T00:00:00Z,35,294
2022-03-01T00:00:00Z,36,212
2022-03-01T00:00:00Z,37,367
2022-03-01T00:00:00Z,38,1022
2022-03-01T00:00:00Z,39,171
2022-03-01T00:00:00Z,40,228
2022-04-03T08:00:00Z,40,707
2022-04-03T14:35:00Z,40,847
2022-04-04T18:15:00Z,40,797
2022-04-04T18:20:00Z,40,534
2022-03-01T00:00:00Z,41,54
2022-03-01T00:00:00Z,42,723
2022-03-01T00:00:00Z,43,1019
2022-03-01T00:00:00Z,44,289
2022-03-02T07:30:00Z,44,165
2022-03-02T07:35:00Z,44,218
2022-03-02T18:05:00Z,44,118
2022-03-03T17:20:00Z,44,268
2022-03-03T22:10:00Z,44,850
2022-03-04T17:05:00Z,44,77
2022-03-04T17:15:00Z,44,70
2022-03-04T17:40:00Z,44,75
2022-03-01T00:00:00Z,45,286
2022-03-01T00:00:00Z,46,1228
2022-03-01T00:00:00Z,47,222
2022-03-01T00:00:00Z,48,66
2022-03-01T00:00:00Z,49,1024
2022-03-01T00:00:00Z,50,112
2022-03-01T00:00:00Z,51,24
2022-03-01T00:00:00Z,52,192
2022-03-01T00:00:00Z,53,1211
2022-03-01T00:00:00Z,54,71
2022-03-01T00:00:00Z,55,38
2022-03-01T00:00:00Z,56,128
2022-03-01T00:00:00Z,57,76
2022-03-01T00:00:00Z,58,549
2022-03-01T00:00:00Z,59,581
2022-03-01T00:00:00Z,60,305
2022-03-01T00:00:00Z,61,214
2022-03-01T00:00:00Z,62,202
2022-03-01T00:00:00Z,63,115
2022-03-01T00:00:00Z,64,273
2022-03-01T00:00:00Z,65,359
2022-03-01T00:00:00Z,66,267
2022-03-01T00:00:00Z,67,82
2022-03-01T00:00:00Z,68,161
2022-03-01T00:00:00Z,69,347
2022-03-01T00:00:00Z,70,132
2022-03-01T00:00:00Z,71,138
2022-03-01T00:00:00Z,72,385
2022-03-01T00:00:00Z,73,50
2022-03-01T00:00:00Z,74,258
2022-03-01T00:00:00Z,75,125
2022-03-01T00:00:00Z,76,252
2022-03-01T00:00:00Z,77,269
2022-03-01T00:00:00Z,78,466
2022-03-01T00:00:00Z,79,454
2022-03-01T00:00:00Z,80,358
2022-03-01T00:00:00Z,81,323
2022-03-01T00:00:00Z,82,207
2022-03-01T00:00:00Z,83,1033
2022-03-01T00:00:00Z,84,69
2022-03-01T00:00:00Z,85,166
2022-03-01T00:00:00Z,86,357
2022-03-01T00:00:00Z,87,5
2022-03-01T00:00:00Z,88,122
2022-03-01T00:00:00Z,89,760
2022-03-01T00:00:00Z,90,630
2022-03-01T00:00:00Z,91,104
2022-03-01T00:00:00Z,92,25
2022-03-01T00:00:00Z,93,339
2022-03-01T00:00:00Z,94,28
2022-03-01T00:00:00Z,95,191
2022-03-01T00:00:00Z,96,30
2022-03-01T00:00:00Z,97,354
2022-03-01T00:00:00Z,98,6
2022-03-01T00:00:00Z,99,298
2022-03-01T00:00:00Z,100,402
2022-03-01T00:00:00Z,101,420
2022-03-01T00:00:00Z,102,1256
2022-03-01T00:00:00Z,103,1321
2022-03-01T00:00:00Z,104,97
2022-03-01T00:00:00Z,105,334
2022-03-01T00:00:00Z,106,336
2022-03-01T00:00:00Z,107,226
2022-03-01T00:00:00Z,108,784
2022-03-01T00:00:00Z,109,1141
2022-03-01T00:00:00Z,110,1035
2022-03-01T00:00:00Z,111,63
2022-03-01T00:00:00Z,112,265
2022-03-01T00:00:00Z,113,344
2022-03-01T00:00:00Z,114,158
2022-03-01T00:00:00Z,115,78
2022-03-01T00:00:00Z,116,960
2022-03-01T00:00:00Z,117,27
2022-03-01T20:20:00Z,117,318
2022-03-01T20:35:00Z,117,332
2022-03-01T00:00:00Z,118,1174
2022-03-01T00:00:00Z,119,248
2022-03-01T00:00:00Z,120,16
2022-03-01T00:00:00Z,121,4
2022-03-01T00:00:00Z,122,1052
2022-03-01T00:00:00Z,123,650
2022-03-01T00:00:00Z,124,461
2022-03-01T00:00:00Z,125,553
2022-03-01T00:00:00Z,126,239
2022-03-01T00:00:00Z,127,307
2022-03-02T18:10:00Z,127,242
2022-03-02T18:15:00Z,127,272
2022-03-02T18:25:00Z,127,187
2022-03-03T17:45:00Z,127,56
2022-03-03T17:50:00Z,127,184
2022-03-03T18:00:00Z,127,304
2022-03-03T18:05:00Z,127,167
2022-03-03T18:20:00Z,127,1127
2022-03-03T18:35:00Z,127,975
2022-03-03T20:05:00Z,127,909
2022-03-03T23:45:00Z,127,291
2022-03-04T18:35:00Z,127,213
2022-03-04T19:00:00Z,127,1293
2022-03-04T23:15:00Z,127,237
2022-03-04T23:40:00Z,127,1178
2022-03-01T00:00:00Z,128,141
2022-03-01T00:00:00Z,129,356
2022-03-01T00:00:00Z,130,282
2022-03-01T00:00:00Z,131,328
2022-03-01T00:00:00Z,132,285
2022-03-01T00:00:00Z,133,224
2022-03-01T00:00:00Z,134,616
2022-03-01T00:00:00Z,135,292
2022-03-01T00:00:00Z,136,320
2022-03-01T00:00:00Z,137,22
2022-03-01T00:00:00Z,138,140
2022-03-01T00:00:00Z,139,81
2022-03-01T00:00:00Z,140,839
2022-03-01T00:00:00Z,141,287
2022-03-02T17:30:00Z,141,349
2022-03-02T17:35:00Z,141,968
2022-03-02T17:40:00Z,141,920
2022-03-02T17:45:00Z,141,283
2022-03-02T21:45:00Z,141,331
2022-03-02T22:25:00Z,141,318
2022-03-02T22:50:00Z,141,209
2022-03-02T22:55:00Z,141,219
2022-03-02T23:00:00Z,141,396
2022-03-01T00:00:00Z,142,179
2022-03-02T17:45:00Z,142,183
2022-03-02T18:35:00Z,142,1157
2022-03-03T17:55:00Z,142,304
2022-03-03T18:00:00Z,142,187
2022-03-03T18:10:00Z,142,1220
2022-03-03T20:40:00Z,142,160
2022-03-03T21:15:00Z,142,213
2022-03-03T21:25:00Z,142,56
2022-03-03T21:35:00Z,142,390
2022-03-04T18:55:00Z,142,299
2022-03-04T19:00:00Z,142,167
2022-03-04T19:05:00Z,142,1293
2022-03-04T19:10:00Z,142,1127
2022-03-04T19:15:00Z,142,473
2022-03-04T21:45:00Z,142,291
2022-03-04T22:30:00Z,142,731
2022-03-01T00:00:00Z,143,702
2022-03-01T00:00:00Z,144,48
2022-03-01T00:00:00Z,145,146
2022-03-01T00:00:00Z,146,247
2022-03-01T00:00:00Z,147,225
2022-03-01T00:00:00Z,148,824
2022-03-01T00:00:00Z,149,72
2022-03-01T00:00:00Z,150,434
2022-03-01T00:00:00Z,151,26
2022-03-01T00:00:00Z,152,217
2022-03-01T00:00:00Z,153,119
2022-03-01T00:00:00Z,154,335
2022-03-02T17:30:00Z,154,37
2022-03-02T17:50:00Z,154,414
2022-03-02T17:55:00Z,154,167
2022-03-02T20:20:00Z,154,1084
2022-03-03T18:05:00Z,154,237
2022-03-03T18:25:00Z,154,187
2022-03-03T18:35:00Z,154,1127
2022-03-03T19:05:00Z,154,975
2022-03-04T18:40:00Z,154,51
2022-03-04T18:45:00Z,154,184
2022-03-04T18:50:00Z,154,183
2022-03-04T18:55:00Z,154,56
2022-03-04T19:00:00Z,154,304
2022-03-04T19:05:00Z,154,299
2022-03-04T19:15:00Z,154,343
2022-03-04T19:35:00Z,154,473
2022-03-01T00:00:00Z,155,697
2022-03-01T00:00:00Z,156,203
2022-03-01T00:00:00Z,157,503
2022-03-01T00:00:00Z,158,256
2022-03-01T00:00:00Z,159,658
2022-03-01T00:00:00Z,160,1303
2022-03-01T00:00:00Z,161,308
2022-03-02T17:55:00Z,161,683
2022-03-03T18:30:00Z,161,56
2022-03-03T18:35:00Z,161,184
2022-03-03T18:45:00Z,161,304
2022-03-03T18:50:00Z,161,167
2022-03-03T19:00:00Z,161,1292
2022-03-03T20:50:00Z,161,975
2022-03-03T21:00:00Z,161,1220
2022-03-04T18:25:00Z,161,183
2022-03-04T18:40:00Z,161,770
2022-03-01T00:00:00Z,162,133
2022-03-01T00:00:00Z,163,576
2022-03-01T00:00:00Z,164,18
2022-03-01T00:00:00Z,165,322
2022-03-01T00:00:00Z,166,7
2022-03-01T00:00:00Z,167,83
2022-03-01T00:00:00Z,168,345
2022-03-01T00:00:00Z,169,100
2022-03-01T00:00:00Z,170,611
2022-03-01T00:00:00Z,171,1138
2022-03-01T00:00:00Z,172,190
2022-03-01T00:00:00Z,173,193
2022-03-01T00:00:00Z,174,151
2022-03-01T00:00:00Z,175,232
2022-03-01T00:00:00Z,176,353
2022-03-01T00:00:00Z,177,156
2022-03-01T00:00:00Z,178,12
2022-03-01T00:00:00Z,179,300
2022-03-01T00:00:00Z,180,251
2022-03-01T00:00:00Z,181,314
2022-03-01T00:00:00Z,182,108
2022-03-01T00:00:00Z,183,1217
2022-03-01T00:00:00Z,184,201
2022-03-01T00:00:00Z,185,1296
2022-03-01T00:00:00Z,186,9
2022-03-01T00:00:00Z,187,493
2022-03-01T00:00:00Z,188,169
2022-03-01T00:00:00Z,189,836
2022-03-01T00:00:00Z,190,79
2022-03-01T00:00:00Z,191,253
2022-03-01T00:00:00Z,192,470
2022-03-01T00:00:00Z,193,205
2022-03-01T00:00:00Z,194,1007
2022-03-01T00:00:00Z,195,1261
2022-03-01T00:00:00Z,196,351
2022-03-01T00:00:00Z,197,152
2022-03-01T00:00:00Z,198,1017
2022-03-01T00:00:00Z,199,220
2022-03-01T00:00:00Z,200,1147
2022-03-01T00:00:00Z,201,925
2022-03-01T00:00:00Z,202,91
2022-03-01T00:00:00Z,203,266
2022-03-01T00:00:00Z,204,833
2022-03-01T00:00:00Z,205,1299
2022-03-01T00:00:00Z,206,47
2022-03-01T00:00:00Z,207,277
2022-03-01T00:00:00Z,208,52
2022-03-01T00:00:00Z,209,741
2022-03-01T00:00:00Z,210,262
2022-03-01T00:00:00Z,211,1082
2022-03-01T00:00:00Z,212,241
2022-03-01T00:00:00Z,213,84
2022-03-01T00:00:00Z,214,489
2022-03-01T00:00:00Z,215,853
2022-03-01T00:00:00Z,216,964
2022-03-01T00:00:00Z,217,60
2022-03-01T00:00:00Z,218,352
2022-03-01T00:00:00Z,219,153
2022-03-01T00:00:00Z,220,99
2022-03-01T00:00:00Z,221,325
2022-03-01T00:00:00Z,222,250
2022-03-01T00:00:00Z,223,13
2022-03-01T00:00:00Z,224,373
2022-03-01T00:00:00Z,225,709
2022-03-01T00:00:00Z,226,255
2022-03-01T00:00:00Z,227,293
2022-03-01T00:00:00Z,228,1254
2022-03-01T00:00:00Z,229,98
2022-03-01T00:00:00Z,230,1179
2022-03-01T00:00:00Z,231,260
2022-03-01T00:00:00Z,232,73
2022-03-01T00:00:00Z,233,998
2022-03-01T00:00:00Z,234,155
2022-03-01T00:00:00Z,235,288
2022-03-01T00:00:00Z,236,1155
2022-03-01T00:00:00Z,237,626
2022-03-01T00:00:00Z,238,1184
2022-03-01T00:00:00Z,239,185
2022-03-01T00:00:00Z,240,243
2022-03-01T00:00:00Z,241,1139
2022-03-01T00:00:00Z,242,361
2022-03-01T00:00:00Z,243,145
2022-03-01T00:00:00Z,244,90
2022-03-01T00:00:00Z,245,62
2022-03-01T00:00:00Z,246,312
2022-03-01T00:00:00Z,247,88
2022-03-01T00:00:00Z,248,556
2022-03-01T00:00:00Z,249,142
2022-03-01T00:00:00Z,250,129
2022-03-01T00:00:00Z,251,340
2022-03-01T00:00:00Z,252,363
2022-03-01T00:00:00Z,253,612
2022-03-01T00:00:00Z,254,940
2022-03-01T00:00:00Z,255,660
2022-03-01T00:00:00Z,256,523
2022-03-02T17:40:00Z,256,472
2022-03-02T17:45:00Z,256,414
2022-03-02T17:50:00Z,256,652
2022-03-02T18:25:00Z,256,304
2022-03-02T18:45:00Z,256,731
2022-03-02T19:00:00Z,256,229
2022-03-02T19:45:00Z,256,337
2022-03-03T18:20:00Z,256,377
2022-03-03T18:35:00Z,256,559
2022-03-03T18:45:00Z,256,529
2022-03-03T18:50:00Z,256,459
2022-03-03T19:10:00Z,256,509
2022-03-03T19:30:00Z,256,1072
2022-03-03T19:45:00Z,256,167
2022-03-03T20:00:00Z,256,1178
2022-03-03T20:15:00Z,256,562
2022-03-03T20:50:00Z,256,343
2022-03-03T21:05:00Z,256,163
2022-03-04T18:45:00Z,256,390
2022-03-04T18:55:00Z,256,442
2022-03-04T19:00:00Z,256,473
2022-03-04T19:30:00Z,256,975
2022-03-04T20:35:00Z,256,1220
2022-03-01T00:00:00Z,257,595
2022-03-01T00:00:00Z,258,491
2022-03-01T00:00:00Z,259,1034
2022-03-01T00:00:00Z,260,542
2022-03-01T00:00:00Z,261,693
2022-03-01T00:00:00Z,262,579
2022-03-02T16:55:00Z,262,390
2022-03-02T17:00:00Z,262,414
2022-03-02T17:05:00Z,262,652
2022-03-02T17:10:00Z,262,619
2022-03-02T17:15:00Z,262,1045
2022-03-02T17:20:00Z,262,731
2022-03-02T17:45:00Z,262,442
2022-03-02T20:50:00Z,262,632
2022-03-02T21:25:00Z,262,559
2022-03-03T16:10:00Z,262,411
2022-03-03T16:15:00Z,262,167
2022-03-03T16:20:00Z,262,1220
2022-03-03T19:00:00Z,262,1325
2022-03-03T19:45:00Z,262,688
2022-03-03T20:00:00Z,262,665
2022-03-03T20:10:00Z,262,683
2022-03-03T20:15:00Z,262,509
2022-03-03T20:20:00Z,262,1072
2022-03-03T21:00:00Z,262,845
2022-03-04T17:55:00Z,262,562
2022-03-04T18:45:00Z,262,372
2022-03-04T19:05:00Z,262,770
2022-03-04T20:00:00Z,262,529
2022-03-04T20:45:00Z,262,472
2022-03-04T20:50:00Z,262,501
2022-03-04T21:00:00Z,262,1119
2022-03-04T21:05:00Z,262,1171
2022-03-01T00:00:00Z,263,914
2022-03-01T00:00:00Z,264,787
2022-03-01T00:00:00Z,265,1282
2022-03-01T00:00:00Z,266,654
2022-03-01T00:00:00Z,267,465
2022-03-02T17:55:00Z,267,632
2022-03-02T18:55:00Z,267,652
2022-03-02T19:45:00Z,267,411
2022-03-02T20:25:00Z,267,337
2022-03-02T20:30:00Z,267,688
2022-03-02T20:50:00Z,267,559
2022-03-02T21:00:00Z,267,665
2022-03-03T18:05:00Z,267,501
2022-03-03T18:10:00Z,267,472
2022-03-03T18:15:00Z,267,683
2022-03-03T18:20:00Z,267,1119
2022-03-03T18:25:00Z,267,509
2022-03-03T18:30:00Z,267,167
2022-03-03T18:40:00Z,267,731
2022-03-03T19:05:00Z,267,1293
2022-03-03T19:50:00Z,267,529
2022-03-03T19:55:00Z,267,391
2022-03-03T20:40:00Z,267,304
2022-03-03T20:45:00Z,267,975
2022-03-03T21:05:00Z,267,926
2022-03-03T22:00:00Z,267,1084
2022-03-04T18:10:00Z,267,631
2022-03-04T19:10:00Z,267,562
2022-03-04T19:20:00Z,267,818
2022-03-01T00:00:00Z,268,748
2022-03-01T00:00:00Z,269,560
2022-03-01T00:00:00Z,270,881
2022-03-01T00:00:00Z,271,543
2022-03-01T00:00:00Z,272,409
2022-03-01T00:00:00Z,273,587
2022-03-01T00:00:00Z,274,644
2022-03-01T00:00:00Z,275,1233
2022-03-01T00:00:00Z,276,1163
2022-03-01T00:00:00Z,277,575
2022-03-01T00:00:00Z,278,443
2022-03-01T00:00:00Z,279,571
2022-03-02T08:05:00Z,279,377
2022-03-02T08:15:00Z,279,419
2022-03-02T08:40:00Z,279,591
2022-03-02T08:45:00Z,279,509
2022-03-02T08:50:00Z,279,632
2022-03-02T18:50:00Z,279,477
2022-03-02T19:00:00Z,279,523
2022-03-02T19:25:00Z,279,637
2022-03-03T16:45:00Z,279,683
2022-03-03T16:50:00Z,279,411
2022-03-03T16:55:00Z,279,414
2022-03-03T17:20:00Z,279,167
2022-03-03T17:25:00Z,279,731
2022-03-03T17:35:00Z,279,372
2022-03-03T18:25:00Z,279,975
2022-03-03T18:35:00Z,279,546
2022-03-03T18:55:00Z,279,652
2022-03-03T19:00:00Z,279,390
2022-03-03T19:05:00Z,279,473
2022-03-03T22:40:00Z,279,337
2022-03-04T18:25:00Z,279,472
2022-03-04T19:05:00Z,279,442
2022-03-04T19:15:00Z,279,529
2022-03-04T19:55:00Z,279,299
2022-03-04T20:30:00Z,279,1178
2022-03-04T22:00:00Z,279,562
2022-03-04T22:10:00Z,279,1293
2022-03-04T22:15:00Z,279,343
2022-03-04T23:05:00Z,279,1127
2022-03-04T23:15:00Z,279,770
2022-03-01T00:00:00Z,280,885
2022-03-01T00:00:00Z,281,398
2022-03-01T00:00:00Z,282,1049
2022-03-01T00:00:00Z,283,483
2022-03-01T00:00:00Z,284,394
2022-03-01T00:00:00Z,285,561
2022-03-02T16:50:00Z,285,473
2022-03-02T16:55:00Z,285,411
2022-03-02T17:00:00Z,285,304
2022-03-02T17:10:00Z,285,731
2022-03-02T18:55:00Z,285,337
2022-03-02T23:30:00Z,285,433
2022-03-03T18:00:00Z,285,652
2022-03-03T18:05:00Z,285,683
2022-03-03T18:10:00Z,285,509
2022-03-03T18:15:00Z,285,187
2022-03-03T18:20:00Z,285,167
2022-03-03T18:30:00Z,285,442
2022-03-03T18:40:00Z,285,1132
2022-03-03T23:30:00Z,285,687
2022-03-03T23:50:00Z,285,501
2022-03-04T18:00:00Z,285,299
2022-03-04T18:15:00Z,285,975
2022-03-04T21:05:00Z,285,845
2022-03-04T23:10:00Z,285,632
2022-03-04T23:15:00Z,285,636
2022-03-04T23:40:00Z,285,529
2022-03-01T00:00:00Z,286,563
2022-03-01T00:00:00Z,287,485
2022-03-01T00:00:00Z,288,445
2022-03-02T17:10:00Z,288,472
2022-03-02T17:15:00Z,288,414
2022-03-02T17:20:00Z,288,619
2022-03-02T17:25:00Z,288,1194
2022-03-03T19:05:00Z,288,509
2022-03-03T19:10:00Z,288,390
2022-03-03T19:15:00Z,288,343
2022-03-03T20:50:00Z,288,437
2022-03-03T21:05:00Z,288,529
2022-03-03T21:20:00Z,288,299
2022-03-03T21:25:00Z,288,1178
2022-03-03T22:00:00Z,288,926
2022-03-04T19:15:00Z,288,665
2022-03-04T19:20:00Z,288,559
2022-03-04T19:35:00Z,288,187
2022-03-04T19:40:00Z,288,167
2022-03-04T20:55:00Z,288,687
2022-03-04T21:15:00Z,288,501
2022-03-04T21:20:00Z,288,683
2022-03-04T21:25:00Z,288,304
2022-03-04T21:30:00Z,288,1072
2022-03-01T00:00:00Z,289,480
2022-03-01T00:00:00Z,290,1307
2022-03-01T00:00:00Z,291,508
2022-03-01T00:00:00Z,292,497
2022-03-01T00:00:00Z,293,1094
2022-03-01T00:00:00Z,294,642
2022-03-01T00:00:00Z,295,471
2022-03-01T00:00:00Z,296,436
2022-03-01T00:00:00Z,297,1014
2022-03-01T00:00:00Z,298,362
2022-03-02T17:10:00Z,298,501
2022-03-02T17:15:00Z,298,559
2022-03-02T17:25:00Z,298,619
2022-03-02T17:30:00Z,298,117
2022-03-02T17:35:00Z,298,184
2022-03-02T18:25:00Z,298,410
2022-03-02T18:55:00Z,298,1143
2022-03-02T20:50:00Z,298,442
2022-03-02T21:15:00Z,298,1293
2022-03-03T18:40:00Z,298,499
2022-03-03T19:00:00Z,298,632
2022-03-03T19:10:00Z,298,665
2022-03-03T19:30:00Z,298,472
2022-03-03T19:40:00Z,298,411
2022-03-03T19:45:00Z,298,509
2022-03-03T19:50:00Z,298,1072
2022-03-03T19:55:00Z,298,390
2022-03-03T20:00:00Z,298,731
2022-03-03T21:00:00Z,298,562
2022-03-04T16:35:00Z,298,414
2022-03-04T16:45:00Z,298,1292
2022-03-04T16:50:00Z,298,10
2022-03-04T17:15:00Z,298,699
2022-03-04T17:55:00Z,298,652
2022-03-04T18:05:00Z,298,372
2022-03-04T18:15:00Z,298,473
2022-03-04T18:55:00Z,298,975
2022-03-04T20:15:00Z,298,1300
2022-03-04T22:15:00Z,298,337
2022-03-01T00:00:00Z,299,673
2022-03-01T00:00:00Z,300,1230
2022-03-01T00:00:00Z,301,551
2022-03-03T17:00:00Z,301,383
2022-03-03T17:25:00Z,301,1113
2022-03-03T17:30:00Z,301,850
2022-03-03T22:10:00Z,301,572
2022-03-04T19:10:00Z,301,707
2022-03-01T00:00:00Z,302,740
2022-03-01T00:00:00Z,303,435
2022-03-01T00:00:00Z,304,1265
2022-03-01T00:00:00Z,305,674
2022-03-01T00:00:00Z,306,945
2022-03-01T00:00:00Z,307,607
2022-03-01T00:00:00Z,308,805
2022-03-01T00:00:00Z,309,864
2022-03-01T00:00:00Z,310,937
2022-03-01T00:00:00Z,311,423
2022-03-01T00:00:00Z,312,969
2022-03-01T00:00:00Z,313,908
2022-03-01T00:00:00Z,314,539
2022-03-01T00:00:00Z,315,888
2022-03-01T00:00:00Z,316,703
2022-03-01T00:00:00Z,317,682
2022-03-01T00:00:00Z,318,685
2022-03-01T00:00:00Z,319,1066
2022-03-01T00:00:00Z,320,494
2022-03-01T00:00:00Z,321,428
2022-03-01T00:00:00Z,322,570
2022-03-01T00:00:00Z,323,624
2022-03-01T00:00:00Z,324,935
2022-03-01T00:00:00Z,325,617
2022-03-01T00:00:00Z,326,496
2022-03-01T00:00:00Z,327,719
2022-03-01T00:00:00Z,328,405
2022-03-01T00:00:00Z,329,1077
2022-03-01T00:00:00Z,330,614
2022-03-01T00:00:00Z,331,622
2022-03-01T00:00:00Z,332,1041
2022-03-01T00:00:00Z,333,1097
2022-03-01T00:00:00Z,334,1309
2022-03-01T00:00:00Z,335,1015
2022-03-01T00:00:00Z,336,374
2022-03-01T00:00:00Z,337,781
2022-03-01T00:00:00Z,338,526
2022-03-01T00:00:00Z,339,721
2022-03-01T00:00:00Z,340,1128
2022-03-01T00:00:00Z,341,1212
2022-03-01T00:00:00Z,342,659
2022-03-01T00:00:00Z,343,1277
2022-03-01T00:00:00Z,344,737
2022-03-01T00:00:00Z,345,375
2022-03-01T00:00:00Z,346,675
2022-03-02T06:40:00Z,346,495
2022-03-02T06:45:00Z,346,431
2022-03-02T16:45:00Z,346,592
2022-03-02T16:50:00Z,346,400
2022-03-03T16:55:00Z,346,525
2022-03-03T17:05:00Z,346,589
2022-03-03T17:10:00Z,346,468
2022-03-03T18:20:00Z,346,427
2022-03-04T16:00:00Z,346,797
2022-03-04T19:30:00Z,346,1162
2022-03-01T00:00:00Z,347,1281
2022-03-01T00:00:00Z,348,521
2022-03-01T00:00:00Z,349,628
2022-03-01T00:00:00Z,350,694
2022-03-01T00:00:00Z,351,1056
2022-03-01T00:00:00Z,352,500
2022-03-02T17:20:00Z,352,559
2022-03-02T17:25:00Z,352,472
2022-03-02T17:30:00Z,352,683
2022-03-02T17:35:00Z,352,619
2022-03-02T20:25:00Z,352,184
2022-03-03T07:10:00Z,352,370
2022-03-03T07:15:00Z,352,568
2022-03-03T07:20:00Z,352,499
2022-03-03T07:45:00Z,352,380
2022-03-03T07:50:00Z,352,477
2022-03-03T14:05:00Z,352,535
2022-03-03T20:00:00Z,352,523
2022-03-03T20:25:00Z,352,388
2022-03-03T20:30:00Z,352,579
2022-03-04T18:00:00Z,352,442
2022-03-04T18:05:00Z,352,414
2022-03-04T18:10:00Z,352,509
2022-03-04T18:15:00Z,352,1072
2022-03-04T18:20:00Z,352,167
2022-03-04T18:25:00Z,352,562
2022-03-04T19:05:00Z,352,372
2022-03-04T21:10:00Z,352,501
2022-03-04T21:15:00Z,352,529
2022-03-04T21:20:00Z,352,411
2022-03-04T21:35:00Z,352,304
2022-03-04T21:45:00Z,352,390
2022-03-04T21:50:00Z,352,1220
2022-03-01T00:00:00Z,353,379
2022-03-01T00:00:00Z,354,776
2022-03-01T00:00:00Z,355,643
2022-03-01T00:00:00Z,356,472
2022-03-02T16:20:00Z,356,414
2022-03-02T16:25:00Z,356,562
2022-03-02T23:30:00Z,356,337
2022-03-03T18:20:00Z,356,665
2022-03-03T18:25:00Z,356,411
2022-03-03T18:30:00Z,356,683
2022-03-03T18:35:00Z,356,509
2022-03-03T18:40:00Z,356,442
2022-03-03T18:45:00Z,356,473
2022-03-03T19:10:00Z,356,975
2022-03-03T20:50:00Z,356,184
2022-03-03T21:10:00Z,356,652
2022-03-03T21:20:00Z,356,559
2022-03-03T21:30:00Z,356,1072
2022-03-03T22:00:00Z,356,299
2022-03-04T18:00:00Z,356,501
2022-03-04T18:10:00Z,356,117
2022-03-04T19:55:00Z,356,909
2022-03-04T21:40:00Z,356,613
2022-03-04T21:50:00Z,356,632
2022-03-04T22:10:00Z,356,390
2022-03-04T22:50:00Z,356,770
2022-03-01T00:00:00Z,357,520
2022-03-01T00:00:00Z,358,679
2022-03-01T00:00:00Z,359,645
2022-03-01T00:00:00Z,360,455
2022-03-01T00:00:00Z,361,1268
2022-03-01T00:00:00Z,362,670
2022-03-01T00:00:00Z,363,566
2022-03-01T00:00:00Z,364,931
2022-03-01T00:00:00Z,365,429
2022-03-01T00:00:00Z,366,788
2022-03-01T00:00:00Z,367,996
2022-03-01T00:00:00Z,368,1185
2022-03-01T00:00:00Z,369,724
2022-03-01T00:00:00Z,370,565
2022-03-01T00:00:00Z,371,368
2022-03-01T00:00:00Z,372,557
2022-03-02T16:45:00Z,372,515
2022-03-02T16:50:00Z,372,488
2022-03-02T16:55:00Z,372,484
2022-03-02T17:00:00Z,372,558
2022-03-02T21:25:00Z,372,663
2022-03-02T21:45:00Z,372,464
2022-03-02T21:50:00Z,372,396
2022-03-02T21:55:00Z,372,283
2022-03-01T00:00:00Z,373,609
2022-03-01T00:00:00Z,374,594
2022-03-01T00:00:00Z,375,820
2022-03-01T00:00:00Z,376,972
2022-03-01T00:00:00Z,377,944
2022-03-01T00:00:00Z,378,478
2022-03-01T00:00:00Z,379,1286
2022-03-01T00:00:00Z,380,529
2022-03-02T19:35:00Z,380,410
2022-03-02T19:55:00Z,380,559
2022-03-02T20:25:00Z,380,665
2022-03-02T21:00:00Z,380,1119
2022-03-02T23:30:00Z,380,562
2022-03-03T17:55:00Z,380,683
2022-03-03T18:00:00Z,380,411
2022-03-03T18:05:00Z,380,975
2022-03-03T18:15:00Z,380,699
2022-03-03T19:30:00Z,380,439
2022-03-03T19:50:00Z,380,472
2022-03-03T20:05:00Z,380,509
2022-03-03T20:10:00Z,380,390
2022-03-03T20:20:00Z,380,187
2022-03-03T20:50:00Z,380,442
2022-03-03T20:55:00Z,380,818
2022-03-03T21:00:00Z,380,229
2022-03-03T21:20:00Z,380,1220
2022-03-04T19:00:00Z,380,591
2022-03-04T19:25:00Z,380,414
2022-03-04T19:30:00Z,380,652
2022-03-04T19:35:00Z,380,422
2022-03-04T20:00:00Z,380,501
2022-03-01T00:00:00Z,381,538
2022-03-01T00:00:00Z,382,452
2022-03-02T16:25:00Z,382,472
2022-03-02T16:30:00Z,382,619
2022-03-02T16:35:00Z,382,509
2022-03-02T16:40:00Z,382,390
2022-03-02T16:45:00Z,382,187
2022-03-02T16:50:00Z,382,163
2022-03-02T23:35:00Z,382,406
2022-03-03T18:50:00Z,382,1072
2022-03-03T19:00:00Z,382,167
2022-03-03T19:05:00Z,382,1178
2022-03-03T21:05:00Z,382,442
2022-03-03T21:25:00Z,382,928
2022-03-04T19:20:00Z,382,562
2022-03-04T21:45:00Z,382,770
2022-03-04T23:00:00Z,382,337
2022-03-01T00:00:00Z,383,433
2022-03-02T16:55:00Z,383,683
2022-03-02T17:00:00Z,383,509
2022-03-03T16:25:00Z,383,167
2022-03-03T16:35:00Z,383,473
2022-03-03T17:55:00Z,383,975
2022-03-03T18:10:00Z,383,632
2022-03-03T18:20:00Z,383,529
2022-03-03T18:25:00Z,383,372
2022-03-03T20:45:00Z,383,337
2022-03-04T18:05:00Z,383,442
2022-03-04T18:25:00Z,383,652
2022-03-04T18:35:00Z,383,1072
2022-03-04T18:55:00Z,383,390
2022-03-04T19:00:00Z,383,770
2022-03-04T19:10:00Z,383,568
2022-03-04T19:25:00Z,383,559
2022-03-04T19:35:00Z,383,501
2022-03-04T19:40:00Z,383,411
2022-03-04T19:50:00Z,383,187
2022-03-01T00:00:00Z,384,637
2022-03-02T17:50:00Z,384,411
2022-03-02T20:20:00Z,384,167
2022-03-03T08:45:00Z,384,377
2022-03-03T08:50:00Z,384,499
2022-03-03T15:45:00Z,384,502
2022-03-04T16:55:00Z,384,509
2022-03-04T17:00:00Z,384,442
2022-03-04T17:05:00Z,384,562
2022-03-04T17:10:00Z,384,1293
2022-03-04T17:15:00Z,384,473
2022-03-04T17:40:00Z,384,1300
2022-03-04T17:45:00Z,384,1220
2022-03-04T17:50:00Z,384,845
2022-03-04T21:05:00Z,384,665
2022-03-04T21:10:00Z,384,652
2022-03-04T21:30:00Z,384,683
2022-03-04T21:35:00Z,384,632
2022-03-04T21:45:00Z,384,501
2022-03-04T21:55:00Z,384,343
2022-03-04T22:15:00Z,384,954
2022-03-01T00:00:00Z,385,578
2022-03-01T00:00:00Z,386,381
2022-03-01T00:00:00Z,387,413
2022-03-12T15:50:00Z,387,NA
2022-03-01T00:00:00Z,388,668
2022-03-01T00:00:00Z,389,469
2022-03-01T00:00:00Z,390,453
2022-03-01T00:00:00Z,391,1308
2022-03-01T00:00:00Z,392,619
2022-03-02T00:10:00Z,392,442
2022-03-02T00:15:00Z,392,516
2022-03-02T08:55:00Z,392,571
2022-03-02T13:50:00Z,392,391
2022-03-02T13:55:00Z,392,422
2022-03-02T19:15:00Z,392,568
2022-03-02T19:20:00Z,392,502
2022-03-02T19:55:00Z,392,393
2022-03-03T17:00:00Z,392,683
2022-03-03T17:05:00Z,392,1045
2022-03-03T17:10:00Z,392,1090
2022-03-03T17:25:00Z,392,411
2022-03-03T17:30:00Z,392,632
2022-03-03T17:35:00Z,392,414
2022-03-03T17:40:00Z,392,452
2022-03-03T17:50:00Z,392,559
2022-03-03T17:55:00Z,392,652
2022-03-03T18:05:00Z,392,529
2022-03-03T18:15:00Z,392,509
2022-03-03T18:20:00Z,392,975
2022-03-03T19:35:00Z,392,909
2022-03-04T19:15:00Z,392,928
2022-03-04T19:40:00Z,392,390
2022-03-04T19:45:00Z,392,731
2022-03-04T20:00:00Z,392,1292
2022-03-04T21:30:00Z,392,770
2022-03-01T00:00:00Z,393,606
2022-03-01T00:00:00Z,394,657
2022-03-01T00:00:00Z,395,573
2022-03-01T00:00:00Z,396,514
2022-03-01T00:00:00Z,397,541
2022-03-01T00:00:00Z,398,646
2022-03-01T00:00:00Z,399,793
2022-03-01T00:00:00Z,400,601
2022-03-01T00:00:00Z,401,726
2022-03-01T00:00:00Z,402,689
2022-03-01T00:00:00Z,403,647
2022-03-02T16:05:00Z,403,378
2022-03-02T16:10:00Z,403,464
2022-03-02T16:15:00Z,403,558
2022-03-02T16:20:00Z,403,332
2022-03-02T16:30:00Z,403,177
2022-03-02T20:50:00Z,403,488
2022-03-02T21:00:00Z,403,396
2022-03-02T21:05:00Z,403,920
2022-03-02T21:45:00Z,403,283
2022-03-02T21:55:00Z,403,329
2022-03-01T00:00:00Z,404,1010
2022-03-01T00:00:00Z,405,669
2022-03-01T00:00:00Z,406,688
2022-03-02T17:45:00Z,406,291
2022-03-02T17:50:00Z,406,559
2022-03-02T19:00:00Z,406,745
2022-03-02T19:25:00Z,406,472
2022-03-02T19:40:00Z,406,410
2022-03-02T20:00:00Z,406,632
2022-03-02T20:10:00Z,406,473
2022-03-03T16:35:00Z,406,411
2022-03-03T16:40:00Z,406,167
2022-03-03T17:05:00Z,406,343
2022-03-03T17:10:00Z,406,909
2022-03-03T19:15:00Z,406,652
2022-03-03T19:30:00Z,406,501
2022-03-03T19:35:00Z,406,509
2022-03-03T19:45:00Z,406,731
2022-03-03T20:00:00Z,406,1220
2022-03-04T18:30:00Z,406,1292
2022-03-04T19:10:00Z,406,390
2022-03-04T19:25:00Z,406,665
2022-03-04T19:40:00Z,406,442
2022-03-04T19:55:00Z,406,975
2022-03-04T21:15:00Z,406,1085
2022-03-01T00:00:00Z,407,459
2022-03-02T17:55:00Z,407,414
2022-03-02T18:35:00Z,407,213
2022-03-02T20:05:00Z,407,683
2022-03-03T16:30:00Z,407,411
2022-03-03T16:35:00Z,407,509
2022-03-03T16:40:00Z,407,1292
2022-03-03T17:00:00Z,407,1132
2022-03-03T18:00:00Z,407,1220
2022-03-03T21:25:00Z,407,390
2022-03-03T21:35:00Z,407,370
2022-03-03T21:50:00Z,407,529
2022-03-03T21:55:00Z,407,665
2022-03-03T22:05:00Z,407,501
2022-03-03T22:15:00Z,407,652
2022-03-03T22:40:00Z,407,1072
2022-03-03T22:50:00Z,407,975
2022-03-04T17:45:00Z,407,632
2022-03-04T17:50:00Z,407,372
2022-03-04T17:55:00Z,407,337
2022-03-04T22:20:00Z,407,472
2022-03-04T22:25:00Z,407,636
2022-03-04T22:40:00Z,407,559
2022-03-04T23:05:00Z,407,167
2022-03-04T23:10:00Z,407,1178
2022-03-04T23:15:00Z,407,1127
2022-03-01T00:00:00Z,408,635
2022-03-01T00:00:00Z,409,633
2022-03-01T00:00:00Z,410,958
2022-03-01T00:00:00Z,411,620
2022-03-01T00:00:00Z,412,593
2022-03-01T00:00:00Z,413,1109
2022-03-01T00:00:00Z,414,994
2022-03-01T00:00:00Z,415,738
2022-03-01T00:00:00Z,416,640
2022-03-01T00:00:00Z,417,519
2022-03-01T00:00:00Z,418,684
2022-03-01T00:00:00Z,419,656
2022-03-01T00:00:00Z,420,1243
2022-03-01T00:00:00Z,421,366
2022-03-01T00:00:00Z,422,531
2022-03-01T00:00:00Z,423,1301
2022-03-01T00:00:00Z,424,421
2022-03-01T00:00:00Z,425,451
2022-03-01T00:00:00Z,426,399
2022-03-01T00:00:00Z,427,481
2022-03-01T00:00:00Z,428,934
2022-03-01T00:00:00Z,429,728
2022-03-01T00:00:00Z,430,467
2022-03-01T00:00:00Z,431,691
2022-03-01T00:00:00Z,432,386
2022-03-01T00:00:00Z,433,109
2022-03-01T00:00:00Z,434,664
2022-03-01T00:00:00Z,435,397
2022-03-01T00:00:00Z,436,567
2022-03-01T00:00:00Z,437,479
2022-03-01T00:00:00Z,438,401
2022-03-01T00:00:00Z,439,474
2022-03-01T00:00:00Z,440,848
2022-03-01T00:00:00Z,441,602
2022-03-01T00:00:00Z,442,512
2022-03-01T00:00:00Z,443,408
2022-03-01T00:00:00Z,444,705
2022-03-01T00:00:00Z,445,590
2022-03-01T00:00:00Z,446,1255
2022-03-01T00:00:00Z,447,623
2022-03-01T00:00:00Z,448,639
2022-03-01T00:00:00Z,449,392
2022-03-01T00:00:00Z,450,518
2022-03-01T00:00:00Z,451,1093
2022-03-01T00:00:00Z,452,506
2022-03-01T00:00:00Z,453,692
2022-03-01T00:00:00Z,454,39
2022-03-01T00:00:00Z,455,924
2022-03-01T00:00:00Z,456,662
2022-03-01T00:00:00Z,457,1071
2022-03-01T00:00:00Z,458,747
2022-03-01T00:00:00Z,459,462
2022-03-01T00:00:00Z,460,655
2022-03-01T00:00:00Z,461,1264
2022-03-01T00:00:00Z,462,604
2022-03-01T00:00:00Z,463,588
2022-03-01T00:00:00Z,464,564
2022-03-01T00:00:00Z,465,1058
2022-03-01T00:00:00Z,466,883
2022-03-01T00:00:00Z,467,417
2022-03-01T00:00:00Z,468,438
2022-03-01T00:00:00Z,469,671
2022-03-01T00:00:00Z,470,382
2022-03-01T00:00:00Z,471,1062
2022-03-01T00:00:00Z,472,457
2022-03-01T00:00:00Z,473,686
2022-03-01T00:00:00Z,474,938
2022-03-01T00:00:00Z,475,790
2022-03-01T00:00:00Z,476,950
2022-03-01T00:00:00Z,477,552
2022-03-01T00:00:00Z,478,661
2022-03-01T00:00:00Z,479,605
2022-03-01T00:00:00Z,480,1060
2022-03-01T00:00:00Z,481,548
2022-03-01T00:00:00Z,482,840
2022-03-01T00:00:00Z,483,1314
2022-03-01T00:00:00Z,484,676
2022-03-01T00:00:00Z,485,284
2022-03-01T00:00:00Z,486,878
2022-03-01T00:00:00Z,487,690
2022-03-01T00:00:00Z,488,425
2022-03-01T00:00:00Z,489,976
2022-03-01T00:00:00Z,490,773
2022-03-01T00:00:00Z,491,544
2022-03-01T00:00:00Z,492,522
2022-03-01T00:00:00Z,493,680
2022-03-01T00:00:00Z,494,1283
2022-03-01T00:00:00Z,495,505
2022-03-01T00:00:00Z,496,743
2022-03-01T00:00:00Z,497,460
2022-04-11T18:10:00Z,497,683
2022-04-11T18:15:00Z,497,615
2022-04-11T18:40:00Z,497,547
2022-04-11T18:45:00Z,497,648
2022-04-11T18:50:00Z,497,93
2022-03-01T00:00:00Z,498,530
2022-03-01T00:00:00Z,499,1112
2022-03-01T00:00:00Z,500,1245
2022-03-01T00:00:00Z,501,458
2022-03-01T00:00:00Z,502,583
2022-03-01T00:00:00Z,503,618
2022-03-01T00:00:00Z,504,862
2022-03-01T00:00:00Z,505,837
2022-03-01T00:00:00Z,506,754
2022-03-01T00:00:00Z,507,447
2022-03-01T00:00:00Z,508,857
2022-03-01T00:00:00Z,509,695
2022-03-02T17:05:00Z,509,559
2022-03-02T17:10:00Z,509,731
2022-03-02T17:20:00Z,509,337
2022-03-02T19:00:00Z,509,767
2022-03-02T19:25:00Z,509,632
2022-03-02T19:40:00Z,509,745
2022-03-02T20:05:00Z,509,213
2022-03-02T21:20:00Z,509,699
2022-03-03T18:10:00Z,509,700
2022-03-03T18:15:00Z,509,304
2022-03-03T18:20:00Z,509,954
2022-03-03T19:35:00Z,509,772
2022-03-03T19:55:00Z,509,770
2022-03-04T06:55:00Z,509,856
2022-03-04T07:00:00Z,509,1016
2022-03-04T07:30:00Z,509,991
2022-03-04T13:25:00Z,509,959
2022-03-04T19:40:00Z,509,961
2022-03-04T20:10:00Z,509,993
2022-03-01T00:00:00Z,510,875
2022-03-02T18:50:00Z,510,772
2022-03-02T18:55:00Z,510,856
2022-03-02T19:00:00Z,510,953
2022-03-02T19:05:00Z,510,559
2022-03-02T19:15:00Z,510,665
2022-03-02T19:25:00Z,510,745
2022-03-02T19:40:00Z,510,472
2022-03-02T19:45:00Z,510,652
2022-03-02T20:15:00Z,510,184
2022-03-02T20:25:00Z,510,411
2022-03-03T16:05:00Z,510,845
2022-03-03T21:00:00Z,510,700
2022-03-03T21:05:00Z,510,731
2022-03-03T21:10:00Z,510,985
2022-03-03T21:45:00Z,510,1119
2022-03-03T21:50:00Z,510,291
2022-03-04T16:10:00Z,510,299
2022-03-04T16:15:00Z,510,1085
2022-03-04T21:15:00Z,510,766
2022-03-04T21:40:00Z,510,1171
2022-03-04T21:45:00Z,510,304
2022-03-01T00:00:00Z,511,1198
2022-03-01T00:00:00Z,512,959
2022-03-02T16:55:00Z,512,117
2022-03-02T17:00:00Z,512,183
2022-03-02T17:05:00Z,512,184
2022-03-02T17:10:00Z,512,304
2022-03-02T18:20:00Z,512,695
2022-03-02T18:55:00Z,512,745
2022-03-02T19:00:00Z,512,731
2022-03-03T18:15:00Z,512,343
2022-03-03T18:25:00Z,512,770
2022-03-03T19:55:00Z,512,975
2022-03-03T20:00:00Z,512,956
2022-03-03T20:10:00Z,512,700
2022-03-03T20:20:00Z,512,56
2022-03-03T20:25:00Z,512,1157
2022-03-03T20:50:00Z,512,1300
2022-03-04T18:15:00Z,512,291
2022-03-04T18:25:00Z,512,1171
2022-03-04T18:30:00Z,512,299
2022-03-04T18:40:00Z,512,1178
2022-03-04T18:55:00Z,512,473
2022-03-04T19:00:00Z,512,1220
2022-03-01T00:00:00Z,513,718
2022-03-01T00:00:00Z,514,757
2022-03-02T17:45:00Z,514,665
2022-03-02T17:50:00Z,514,291
2022-03-02T18:20:00Z,514,846
2022-03-02T18:35:00Z,514,414
2022-03-02T19:00:00Z,514,731
2022-03-03T17:15:00Z,514,1127
2022-03-03T17:40:00Z,514,184
2022-03-03T17:45:00Z,514,1004
2022-03-03T18:00:00Z,514,343
2022-03-03T18:15:00Z,514,818
2022-03-03T18:40:00Z,514,10
2022-03-03T23:05:00Z,514,975
2022-03-04T19:50:00Z,514,337
2022-03-04T20:30:00Z,514,926
2022-03-04T23:45:00Z,514,700
2022-03-04T23:50:00Z,514,745
2022-03-01T00:00:00Z,515,706
2022-03-01T00:00:00Z,516,859
2022-03-01T00:00:00Z,517,1005
2022-03-01T00:00:00Z,518,876
2022-03-01T00:00:00Z,519,717
2022-03-01T00:00:00Z,520,1207
2022-03-01T00:00:00Z,521,887
2022-03-01T00:00:00Z,522,608
2022-03-01T00:00:00Z,523,990
2022-03-02T16:05:00Z,523,731
2022-03-02T16:15:00Z,523,372
2022-03-02T17:55:00Z,523,337
2022-03-03T19:15:00Z,523,700
2022-03-03T19:20:00Z,523,183
2022-03-03T19:25:00Z,523,304
2022-03-03T19:30:00Z,523,509
2022-03-03T19:50:00Z,523,1293
2022-03-03T20:50:00Z,523,1292
2022-03-03T21:00:00Z,523,818
2022-03-04T18:05:00Z,523,975
2022-03-04T18:15:00Z,523,1300
2022-03-01T00:00:00Z,524,861
2022-03-01T00:00:00Z,525,1271
2022-03-01T00:00:00Z,526,731
2022-03-02T07:35:00Z,526,870
2022-03-02T08:05:00Z,526,800
2022-03-02T18:10:00Z,526,961
2022-03-02T18:15:00Z,526,871
2022-03-02T18:20:00Z,526,1004
2022-03-03T16:45:00Z,526,414
2022-03-03T16:50:00Z,526,632
2022-03-03T16:55:00Z,526,184
2022-03-03T17:00:00Z,526,1171
2022-03-03T17:05:00Z,526,509
2022-03-03T17:10:00Z,526,1057
2022-03-03T17:45:00Z,526,652
2022-03-03T17:50:00Z,526,975
2022-03-03T17:55:00Z,526,827
2022-03-03T18:15:00Z,526,700
2022-03-03T18:20:00Z,526,299
2022-03-03T18:40:00Z,526,1178
2022-03-03T18:45:00Z,526,1292
2022-03-03T19:00:00Z,526,1220
2022-03-03T23:15:00Z,526,751
2022-03-03T23:35:00Z,526,745
2022-03-04T17:55:00Z,526,818
2022-03-04T18:15:00Z,526,1300
2022-03-04T19:40:00Z,526,343
2022-03-04T19:50:00Z,526,163
2022-03-01T00:00:00Z,527,755
2022-03-01T00:00:00Z,528,1186
2022-03-01T00:00:00Z,529,812
2022-03-01T00:00:00Z,530,813
2022-03-01T00:00:00Z,531,1203
2022-03-01T00:00:00Z,532,1323
2022-03-01T00:00:00Z,533,984
2022-03-01T00:00:00Z,534,195
2022-03-01T00:00:00Z,535,786
2022-03-01T00:00:00Z,536,1270
2022-03-01T00:00:00Z,537,774
2022-03-01T00:00:00Z,538,759
2022-03-01T00:00:00Z,539,797
2022-03-04T07:20:00Z,539,765
2022-03-04T07:50:00Z,539,838
2022-03-04T15:25:00Z,539,713
2022-03-01T00:00:00Z,540,918
2022-03-01T00:00:00Z,541,854
2022-03-02T16:10:00Z,541,562
2022-03-02T16:15:00Z,541,1127
2022-03-02T16:20:00Z,541,473
2022-03-02T20:10:00Z,541,795
2022-03-02T20:20:00Z,541,632
2022-03-02T20:35:00Z,541,665
2022-03-02T20:40:00Z,541,745
2022-03-02T21:00:00Z,541,529
2022-03-03T17:30:00Z,541,683
2022-03-03T17:35:00Z,541,56
2022-03-03T17:40:00Z,541,304
2022-03-03T17:45:00Z,541,167
2022-03-03T17:55:00Z,541,928
2022-03-03T18:30:00Z,541,975
2022-03-03T23:05:00Z,541,337
2022-03-04T18:10:00Z,541,909
2022-03-04T19:55:00Z,541,913
2022-03-04T20:05:00Z,541,700
2022-03-04T20:20:00Z,541,1119
2022-03-04T20:30:00Z,541,1090
2022-03-04T20:40:00Z,541,509
2022-03-04T21:35:00Z,541,442
2022-03-04T23:45:00Z,541,926
2022-03-01T00:00:00Z,542,1190
2022-03-01T00:00:00Z,543,764
2022-03-01T00:00:00Z,544,948
2022-03-01T00:00:00Z,545,819
2022-03-01T00:00:00Z,546,189
2022-03-01T00:00:00Z,547,1209
2022-03-01T00:00:00Z,548,1272
2022-03-01T00:00:00Z,549,1262
2022-03-01T00:00:00Z,550,977
2022-03-01T00:00:00Z,551,746
2022-03-01T00:00:00Z,552,1279
2022-03-01T00:00:00Z,553,534
2022-03-03T00:45:00Z,553,1216
2022-03-03T08:25:00Z,553,77
2022-03-01T00:00:00Z,554,943
2022-03-01T00:00:00Z,555,785
2022-03-01T00:00:00Z,556,789
2022-03-01T00:00:00Z,557,801
2022-03-01T00:00:00Z,558,1006
2022-03-02T16:55:00Z,558,619
2022-03-02T17:00:00Z,558,390
2022-03-02T17:20:00Z,558,442
2022-03-02T17:45:00Z,558,954
2022-03-03T18:20:00Z,558,974
2022-03-03T18:40:00Z,558,731
2022-03-03T18:45:00Z,558,1178
2022-03-03T19:05:00Z,558,975
2022-03-03T23:20:00Z,558,1132
2022-03-04T18:00:00Z,558,700
2022-03-04T18:10:00Z,558,299
2022-03-04T18:15:00Z,558,770
2022-03-04T19:00:00Z,558,337
2022-03-04T19:15:00Z,558,926
2022-03-04T20:30:00Z,558,745
2022-03-04T20:35:00Z,558,501
2022-03-04T20:40:00Z,558,56
2022-03-04T20:45:00Z,558,1157
2022-03-04T20:50:00Z,558,411
2022-03-04T21:10:00Z,558,509
2022-03-04T21:30:00Z,558,1292
2022-03-04T21:45:00Z,558,473
2022-03-04T23:05:00Z,558,909
2022-03-01T00:00:00Z,559,822
2022-03-02T18:15:00Z,559,986
2022-03-02T18:20:00Z,559,842
2022-03-02T18:25:00Z,559,968
2022-03-02T18:30:00Z,559,513
2022-03-02T18:35:00Z,559,488
2022-03-02T18:40:00Z,559,396
2022-03-02T20:55:00Z,559,891
2022-03-02T21:50:00Z,559,484
2022-03-01T00:00:00Z,560,1195
2022-03-01T00:00:00Z,561,1100
2022-03-01T00:00:00Z,562,1240
2022-03-01T00:00:00Z,563,777
2022-03-01T00:00:00Z,564,769
2022-03-01T00:00:00Z,565,951
2022-03-01T00:00:00Z,566,855
2022-03-01T00:00:00Z,567,713
2022-03-02T17:30:00Z,567,847
2022-03-02T17:35:00Z,567,838
2022-03-02T17:40:00Z,567,704
2022-03-02T18:45:00Z,567,1162
2022-03-02T19:30:00Z,567,778
2022-03-02T19:45:00Z,567,765
2022-03-04T19:30:00Z,567,939
2022-03-04T23:35:00Z,567,551
2022-03-01T00:00:00Z,568,761
2022-03-02T16:20:00Z,568,941
2022-03-02T18:50:00Z,568,704
2022-03-02T19:30:00Z,568,923
2022-03-03T16:35:00Z,568,942
2022-03-03T17:00:00Z,568,551
2022-03-04T19:30:00Z,568,775
2022-03-01T00:00:00Z,569,808
2022-03-01T00:00:00Z,570,1003
2022-03-01T00:00:00Z,571,886
2022-03-01T00:00:00Z,572,899
2022-03-02T17:40:00Z,572,700
2022-03-02T18:25:00Z,572,501
2022-03-02T19:15:00Z,572,779
2022-03-02T19:40:00Z,572,559
2022-03-02T19:45:00Z,572,665
2022-03-02T20:25:00Z,572,619
2022-03-02T21:00:00Z,572,770
2022-03-03T18:25:00Z,572,766
2022-03-03T18:45:00Z,572,167
2022-03-03T18:50:00Z,572,442
2022-03-03T19:00:00Z,572,975
2022-03-03T19:05:00Z,572,337
2022-03-03T19:45:00Z,572,1325
2022-03-04T16:10:00Z,572,184
2022-03-04T16:15:00Z,572,1157
2022-03-04T16:20:00Z,572,1178
2022-03-04T16:25:00Z,572,1292
2022-03-04T16:30:00Z,572,1220
2022-03-04T16:50:00Z,572,1194
2022-03-04T19:10:00Z,572,909
2022-03-01T00:00:00Z,573,814
2022-03-01T00:00:00Z,574,900
2022-03-02T18:25:00Z,574,472
2022-03-02T19:15:00Z,574,501
2022-03-02T20:25:00Z,574,411
2022-03-02T21:45:00Z,574,818
2022-03-03T17:40:00Z,574,1127
2022-03-03T17:45:00Z,574,928
2022-03-03T17:55:00Z,574,975
2022-03-03T18:00:00Z,574,1132
2022-03-03T18:40:00Z,574,700
2022-03-03T18:45:00Z,574,1119
2022-03-03T19:05:00Z,574,51
2022-03-03T19:10:00Z,574,731
2022-03-04T20:50:00Z,574,749
2022-03-04T21:05:00Z,574,745
2022-03-04T21:10:00Z,574,683
2022-03-04T21:15:00Z,574,1045
2022-03-04T21:20:00Z,574,56
2022-03-04T21:25:00Z,574,509
2022-03-04T21:40:00Z,574,390
2022-03-04T21:45:00Z,574,167
2022-03-04T22:05:00Z,574,442
2022-03-04T22:15:00Z,574,1293
2022-03-04T23:00:00Z,574,1220
2022-03-01T00:00:00Z,575,700
2022-03-02T17:20:00Z,575,183
2022-03-02T17:25:00Z,575,299
2022-03-02T17:50:00Z,575,818
2022-03-02T21:45:00Z,575,1127
2022-03-03T17:15:00Z,575,167
2022-03-03T17:20:00Z,575,731
2022-03-03T17:25:00Z,575,442
2022-03-03T17:35:00Z,575,1220
2022-03-03T21:00:00Z,575,745
2022-03-03T21:10:00Z,575,414
2022-03-03T21:15:00Z,575,509
2022-03-03T21:20:00Z,575,187
2022-03-03T21:40:00Z,575,372
2022-03-04T18:00:00Z,575,472
2022-03-04T18:10:00Z,575,1293
2022-03-04T18:30:00Z,575,10
2022-03-04T19:00:00Z,575,1132
2022-03-04T19:05:00Z,575,701
2022-03-04T20:35:00Z,575,1016
2022-03-04T21:05:00Z,575,975
2022-03-01T00:00:00Z,576,979
2022-03-02T18:10:00Z,576,162
2022-03-02T18:15:00Z,576,315
2022-03-02T18:20:00Z,576,271
2022-03-01T00:00:00Z,577,884
2022-03-02T17:40:00Z,577,501
2022-03-02T17:45:00Z,577,683
2022-03-02T17:55:00Z,577,372
2022-03-03T17:35:00Z,577,652
2022-03-03T17:40:00Z,577,731
2022-03-03T17:50:00Z,577,562
2022-03-03T18:25:00Z,577,343
2022-03-03T18:40:00Z,577,818
2022-03-03T19:00:00Z,577,975
2022-03-04T16:45:00Z,577,700
2022-03-04T16:55:00Z,577,529
2022-03-04T17:00:00Z,577,117
2022-03-04T17:05:00Z,577,442
2022-03-04T17:15:00Z,577,1293
2022-03-04T17:20:00Z,577,770
2022-03-04T22:05:00Z,577,915
2022-03-04T23:45:00Z,577,928
2022-03-01T00:00:00Z,578,890
2022-03-01T00:00:00Z,579,771
2022-03-01T00:00:00Z,580,779
2022-03-02T17:40:00Z,580,652
2022-03-02T17:45:00Z,580,632
2022-03-02T17:55:00Z,580,472
2022-03-02T18:30:00Z,580,710
2022-03-02T19:00:00Z,580,117
2022-03-03T19:05:00Z,580,997
2022-03-03T19:20:00Z,580,700
2022-03-03T19:30:00Z,580,183
2022-03-03T19:35:00Z,580,884
2022-03-03T19:55:00Z,580,745
2022-03-03T20:05:00Z,580,184
2022-03-03T20:10:00Z,580,299
2022-03-03T21:00:00Z,580,1292
2022-03-04T16:30:00Z,580,213
2022-03-04T16:35:00Z,580,1072
2022-03-04T16:40:00Z,580,1293
2022-03-04T17:05:00Z,580,770
2022-03-04T17:45:00Z,580,699
2022-03-01T00:00:00Z,581,791
2022-03-01T00:00:00Z,582,735
2022-03-01T00:00:00Z,583,982
2022-03-01T00:00:00Z,584,1028
2022-03-01T00:00:00Z,585,1031
2022-03-01T00:00:00Z,586,1191
2022-03-01T00:00:00Z,587,962
2022-03-01T00:00:00Z,588,933
2022-03-01T00:00:00Z,589,953
2022-03-02T17:30:00Z,589,700
2022-03-02T17:35:00Z,589,1171
2022-03-02T20:40:00Z,589,956
2022-03-02T21:00:00Z,589,559
2022-03-02T21:15:00Z,589,442
2022-03-03T17:15:00Z,589,909
2022-03-03T19:55:00Z,589,1119
2022-03-03T20:05:00Z,589,745
2022-03-03T20:10:00Z,589,411
2022-03-03T20:15:00Z,589,304
2022-03-03T20:40:00Z,589,1072
2022-03-03T20:55:00Z,589,731
2022-03-03T21:05:00Z,589,1178
2022-03-04T16:55:00Z,589,770
2022-03-04T17:15:00Z,589,414
2022-03-04T17:20:00Z,589,1143
2022-03-04T17:30:00Z,589,562
2022-03-04T17:40:00Z,589,699
2022-03-04T17:45:00Z,589,1194
2022-03-04T19:45:00Z,589,875
2022-03-04T20:10:00Z,589,472
2022-03-04T20:15:00Z,589,51
2022-03-04T20:25:00Z,589,183
2022-03-04T20:30:00Z,589,56
2022-03-04T20:35:00Z,589,1157
2022-03-04T20:45:00Z,589,509
2022-03-04T21:35:00Z,589,928
2022-03-04T22:00:00Z,589,473
2022-03-01T00:00:00Z,590,905
2022-03-01T00:00:00Z,591,794
2022-03-01T00:00:00Z,592,1294
2022-03-01T00:00:00Z,593,796
2022-03-01T00:00:00Z,594,1030
2022-03-01T00:00:00Z,595,850
2022-03-02T23:20:00Z,595,775
2022-03-03T17:35:00Z,595,704
2022-03-03T18:05:00Z,595,804
2022-03-03T23:20:00Z,595,778
2022-03-03T23:25:00Z,595,765
2022-03-03T23:30:00Z,595,847
2022-03-04T18:00:00Z,595,713
2022-03-04T18:35:00Z,595,838
2022-03-04T19:30:00Z,595,551
2022-03-04T19:55:00Z,595,572
2022-03-01T00:00:00Z,596,981
2022-03-01T00:00:00Z,597,873
2022-03-01T00:00:00Z,598,1241
2022-03-01T00:00:00Z,599,991
2022-03-02T17:55:00Z,599,56
2022-03-03T17:05:00Z,599,414
2022-03-03T17:10:00Z,599,683
2022-03-03T17:15:00Z,599,1045
2022-03-03T17:20:00Z,599,1171
2022-03-03T17:25:00Z,599,509
2022-03-03T17:35:00Z,599,442
2022-03-03T17:55:00Z,599,343
2022-03-03T18:00:00Z,599,975
2022-03-03T18:25:00Z,599,1023
2022-03-04T17:40:00Z,599,700
2022-03-04T17:45:00Z,599,411
2022-03-04T21:55:00Z,599,745
2022-03-04T22:00:00Z,599,529
2022-03-04T22:15:00Z,599,731
2022-03-01T00:00:00Z,600,823
2022-03-01T00:00:00Z,601,955
2022-03-01T00:00:00Z,602,745
2022-03-02T18:55:00Z,602,1132
2022-03-02T21:45:00Z,602,974
2022-03-02T22:05:00Z,602,632
2022-03-02T23:40:00Z,602,472
2022-03-03T18:10:00Z,602,559
2022-03-03T18:15:00Z,602,731
2022-03-03T18:30:00Z,602,372
2022-03-03T20:40:00Z,602,1220
2022-03-03T21:40:00Z,602,700
2022-03-03T22:15:00Z,602,683
2022-03-03T22:20:00Z,602,975
2022-03-04T18:05:00Z,602,337
2022-03-04T20:35:00Z,602,758
2022-03-04T21:05:00Z,602,414
2022-03-04T21:10:00Z,602,291
2022-03-04T21:15:00Z,602,56
2022-03-04T21:20:00Z,602,1090
2022-03-04T21:30:00Z,602,304
2022-03-04T21:35:00Z,602,167
2022-03-04T22:15:00Z,602,442
2022-03-04T23:00:00Z,602,770
2022-03-04T23:05:00Z,602,928
2022-03-01T00:00:00Z,603,818
2022-03-02T17:45:00Z,603,985
2022-03-02T18:25:00Z,603,700
2022-03-02T19:00:00Z,603,731
2022-03-03T17:15:00Z,603,927
2022-03-03T17:35:00Z,603,683
2022-03-03T17:40:00Z,603,1045
2022-03-03T17:45:00Z,603,414
2022-03-03T18:10:00Z,603,1119
2022-03-03T18:15:00Z,603,411
2022-03-03T18:20:00Z,603,304
2022-03-03T18:25:00Z,603,975
2022-03-03T23:10:00Z,603,727
2022-03-03T23:40:00Z,603,472
2022-03-03T23:45:00Z,603,909
2022-03-04T19:25:00Z,603,766
2022-03-04T19:45:00Z,603,745
2022-03-04T20:35:00Z,603,701
2022-03-01T00:00:00Z,604,715
2022-03-02T16:10:00Z,604,117
2022-03-02T16:15:00Z,604,183
2022-03-02T16:20:00Z,604,731
2022-03-02T16:25:00Z,604,442
2022-03-02T16:30:00Z,604,343
2022-03-03T17:00:00Z,604,509
2022-03-03T17:05:00Z,604,56
2022-03-03T17:45:00Z,604,1220
2022-03-04T18:30:00Z,604,1072
2022-03-04T18:35:00Z,604,818
2022-03-04T18:45:00Z,604,1127
2022-03-04T19:10:00Z,604,337
2022-03-01T00:00:00Z,605,928
2022-03-02T20:05:00Z,605,893
2022-03-02T20:25:00Z,605,559
2022-03-02T20:35:00Z,605,472
2022-03-02T23:40:00Z,605,163
2022-03-03T18:20:00Z,605,700
2022-03-03T18:25:00Z,605,745
2022-03-03T18:30:00Z,605,731
2022-03-03T18:40:00Z,605,1293
2022-03-03T19:05:00Z,605,343
2022-03-03T19:15:00Z,605,909
2022-03-03T20:00:00Z,605,997
2022-03-03T20:35:00Z,605,51
2022-03-03T20:40:00Z,605,818
2022-03-03T20:55:00Z,605,1300
2022-03-04T17:40:00Z,605,1194
2022-03-04T18:00:00Z,605,411
2022-03-04T18:05:00Z,605,562
2022-03-04T18:10:00Z,605,1292
2022-03-04T19:00:00Z,605,770
2022-03-04T19:15:00Z,605,975
2022-03-04T19:55:00Z,605,974
2022-03-04T20:10:00Z,605,414
2022-03-04T20:30:00Z,605,1119
2022-03-04T21:55:00Z,605,1023
2022-03-01T00:00:00Z,606,798
2022-03-01T00:00:00Z,607,807
2022-03-01T00:00:00Z,608,844
2022-03-01T00:00:00Z,609,23
2022-03-01T00:00:00Z,610,907
2022-03-01T00:00:00Z,611,975
2022-03-03T01:05:00Z,611,985
2022-03-03T08:35:00Z,611,766
2022-03-03T09:05:00Z,611,997
2022-03-03T09:10:00Z,611,811
2022-03-03T09:40:00Z,611,915
2022-03-03T17:20:00Z,611,732
2022-03-03T17:50:00Z,611,974
2022-03-03T17:55:00Z,611,826
2022-03-04T16:55:00Z,611,700
2022-03-04T17:00:00Z,611,184
2022-03-04T17:05:00Z,611,1072
2022-03-04T17:35:00Z,611,10
2022-03-04T18:05:00Z,611,337
2022-03-04T23:25:00Z,611,745
2022-03-04T23:30:00Z,611,414
2022-03-01T00:00:00Z,612,733
2022-03-01T00:00:00Z,613,696
2022-03-01T00:00:00Z,614,1050
2022-03-01T00:00:00Z,615,970
2022-03-02T18:15:00Z,615,775
2022-03-02T18:20:00Z,615,838
2022-03-02T18:25:00Z,615,804
2022-03-02T18:40:00Z,615,572
2022-03-02T22:40:00Z,615,847
2022-03-03T17:00:00Z,615,939
2022-03-03T17:05:00Z,615,942
2022-03-04T17:55:00Z,615,923
2022-03-04T18:00:00Z,615,778
2022-03-04T19:10:00Z,615,1162
2022-03-04T19:15:00Z,615,707
2022-03-01T00:00:00Z,616,897
2022-03-01T00:00:00Z,617,866
2022-03-02T18:00:00Z,617,213
2022-03-02T18:35:00Z,617,701
2022-03-02T21:20:00Z,617,997
2022-03-02T21:45:00Z,617,1143
2022-03-03T08:40:00Z,617,953
2022-03-03T22:05:00Z,617,811
2022-03-04T17:40:00Z,617,770
2022-03-04T18:05:00Z,617,700
2022-03-04T18:35:00Z,617,1119
2022-03-04T18:40:00Z,617,1171
2022-03-04T18:45:00Z,617,818
2022-03-04T18:50:00Z,617,975
2022-03-01T00:00:00Z,618,1079
2022-03-01T00:00:00Z,619,1181
2022-03-01T00:00:00Z,620,965
2022-03-01T00:00:00Z,621,830
2022-03-02T17:30:00Z,621,472
2022-03-02T17:35:00Z,621,906
2022-03-02T17:45:00Z,621,213
2022-03-02T18:00:00Z,621,772
2022-03-02T18:15:00Z,621,750
2022-03-02T18:20:00Z,621,846
2022-03-02T18:30:00Z,621,652
2022-03-02T18:55:00Z,621,1045
2022-03-03T17:00:00Z,621,184
2022-03-03T17:05:00Z,621,928
2022-03-03T17:45:00Z,621,915
2022-03-03T17:55:00Z,621,731
2022-03-03T18:00:00Z,621,1178
2022-03-03T18:40:00Z,621,562
2022-03-03T19:15:00Z,621,163
2022-03-03T19:20:00Z,621,975
2022-03-03T19:55:00Z,621,337
2022-03-03T22:50:00Z,621,700
2022-03-03T22:55:00Z,621,745
2022-03-03T23:10:00Z,621,818
2022-03-04T17:50:00Z,621,770
2022-03-04T19:00:00Z,621,473
2022-03-04T19:40:00Z,621,1220
2022-03-04T23:20:00Z,621,722
2022-03-04T23:40:00Z,621,187
2022-03-04T23:45:00Z,621,1293
2022-03-01T00:00:00Z,622,708
2022-03-01T00:00:00Z,623,716
2022-03-01T00:00:00Z,624,714
2022-03-01T00:00:00Z,625,966
2022-03-01T00:00:00Z,626,816
2022-03-01T00:00:00Z,627,1231
2022-03-01T00:00:00Z,628,827
2022-03-02T09:05:00Z,628,949
2022-03-02T16:35:00Z,628,766
2022-03-02T17:00:00Z,628,795
2022-03-02T17:05:00Z,628,749
2022-03-02T17:10:00Z,628,722
2022-03-02T17:15:00Z,628,762
2022-03-03T16:45:00Z,628,1143
2022-03-03T16:50:00Z,628,509
2022-03-03T17:00:00Z,628,1220
2022-03-03T17:45:00Z,628,1057
2022-03-03T22:40:00Z,628,700
2022-03-03T22:50:00Z,628,695
2022-03-04T17:40:00Z,628,51
2022-03-04T17:45:00Z,628,117
2022-03-04T17:50:00Z,628,184
2022-03-04T17:55:00Z,628,167
2022-03-04T18:00:00Z,628,818
2022-03-04T18:15:00Z,628,372
2022-03-04T18:45:00Z,628,975
2022-03-04T19:00:00Z,628,10
2022-03-01T00:00:00Z,629,845
2022-03-03T06:45:00Z,629,975
2022-03-03T23:55:00Z,629,745
2022-03-04T19:20:00Z,629,731
2022-03-04T19:30:00Z,629,818
2022-03-04T21:55:00Z,629,770
2022-03-04T22:15:00Z,629,1300
2022-03-01T00:00:00Z,630,946
2022-03-01T00:00:00Z,631,1036
2022-03-01T00:00:00Z,632,131
2022-03-01T00:00:00Z,633,1025
2022-03-01T00:00:00Z,634,780
2022-03-02T16:50:00Z,634,213
2022-03-02T16:55:00Z,634,1171
2022-03-02T17:00:00Z,634,665
2022-03-02T17:05:00Z,634,117
2022-03-02T17:10:00Z,634,184
2022-03-02T17:20:00Z,634,411
2022-03-02T19:25:00Z,634,871
2022-03-02T19:45:00Z,634,632
2022-03-02T19:50:00Z,634,700
2022-03-02T20:25:00Z,634,501
2022-03-02T21:25:00Z,634,414
2022-03-03T06:15:00Z,634,880
2022-03-03T06:50:00Z,634,1016
2022-03-03T19:35:00Z,634,802
2022-03-03T20:15:00Z,634,947
2022-03-04T18:00:00Z,634,818
2022-03-04T18:25:00Z,634,1220
2022-03-04T19:40:00Z,634,1194
2022-03-04T22:05:00Z,634,745
2022-03-04T22:10:00Z,634,1090
2022-03-04T22:15:00Z,634,509
2022-03-04T22:20:00Z,634,390
2022-03-04T22:25:00Z,634,167
2022-03-04T23:00:00Z,634,442
2022-03-04T23:15:00Z,634,1127
2022-03-01T00:00:00Z,635,1002
2022-03-01T00:00:00Z,636,1274
2022-03-01T00:00:00Z,637,863
2022-03-01T00:00:00Z,638,1095
2022-03-01T00:00:00Z,639,701
2022-03-02T18:35:00Z,639,915
2022-03-02T18:50:00Z,639,632
2022-03-02T19:00:00Z,639,559
2022-03-02T19:05:00Z,639,683
2022-03-02T20:05:00Z,639,928
2022-03-03T17:05:00Z,639,975
2022-03-03T18:20:00Z,639,337
2022-03-03T19:00:00Z,639,1220
2022-03-04T18:55:00Z,639,731
2022-03-04T19:10:00Z,639,442
2022-03-04T19:15:00Z,639,770
2022-03-01T00:00:00Z,640,867
2022-03-02T17:15:00Z,640,920
2022-03-02T17:20:00Z,640,666
2022-03-01T00:00:00Z,641,954
2022-03-02T17:45:00Z,641,700
2022-03-02T18:20:00Z,641,291
2022-03-02T18:45:00Z,641,304
2022-03-03T17:35:00Z,641,975
2022-03-03T19:05:00Z,641,745
2022-03-03T19:25:00Z,641,1072
2022-03-03T19:35:00Z,641,167
2022-03-03T19:45:00Z,641,187
2022-03-03T20:00:00Z,641,731
2022-03-03T20:15:00Z,641,1178
2022-03-03T21:05:00Z,641,818
2022-03-03T23:10:00Z,641,1127
2022-03-04T20:50:00Z,641,442
2022-03-04T21:20:00Z,641,770
2022-03-04T22:50:00Z,641,163
2022-03-01T00:00:00Z,642,1199
2022-03-01T00:00:00Z,643,841
2022-03-01T00:00:00Z,644,313
2022-03-01T00:00:00Z,645,1159
2022-03-01T00:00:00Z,646,921
2022-03-01T00:00:00Z,647,778
2022-03-02T17:00:00Z,647,923
2022-03-02T17:40:00Z,647,713
2022-03-02T17:50:00Z,647,804
2022-03-02T18:05:00Z,647,761
2022-03-02T18:40:00Z,647,1162
2022-03-04T19:05:00Z,647,970
2022-03-01T00:00:00Z,648,815
2022-03-01T00:00:00Z,649,1070
2022-03-01T00:00:00Z,650,952
2022-03-01T00:00:00Z,651,1165
2022-03-01T00:00:00Z,652,768
2022-03-01T00:00:00Z,653,926
2022-03-03T21:05:00Z,653,745
2022-03-03T21:15:00Z,653,187
2022-03-03T21:20:00Z,653,731
2022-03-03T23:05:00Z,653,10
2022-03-04T09:25:00Z,653,770
2022-03-04T21:45:00Z,653,700
2022-03-01T00:00:00Z,654,734
2022-03-01T00:00:00Z,655,699
2022-03-02T21:20:00Z,655,701
2022-03-03T20:00:00Z,655,1085
2022-03-04T16:05:00Z,655,1325
2022-03-01T00:00:00Z,656,980
2022-03-01T00:00:00Z,657,911
2022-03-02T17:55:00Z,657,792
2022-03-02T18:00:00Z,657,991
2022-03-02T18:05:00Z,657,993
2022-03-02T18:35:00Z,657,183
2022-03-02T20:35:00Z,657,927
2022-03-02T21:00:00Z,657,1006
2022-03-02T21:25:00Z,657,632
2022-03-02T22:05:00Z,657,1171
2022-03-03T16:50:00Z,657,1143
2022-03-03T16:55:00Z,657,411
2022-03-03T17:05:00Z,657,167
2022-03-03T17:15:00Z,657,731
2022-03-03T17:20:00Z,657,442
2022-03-03T17:25:00Z,657,975
2022-03-03T18:25:00Z,657,1004
2022-03-03T18:45:00Z,657,745
2022-03-03T18:55:00Z,657,56
2022-03-03T19:00:00Z,657,304
2022-03-03T19:10:00Z,657,818
2022-03-03T20:40:00Z,657,372
2022-03-03T21:40:00Z,657,699
2022-03-04T17:15:00Z,657,700
2022-03-04T17:25:00Z,657,291
2022-03-04T17:35:00Z,657,562
2022-03-04T17:40:00Z,657,1293
2022-03-04T17:50:00Z,657,1220
2022-03-04T18:30:00Z,657,184
2022-03-04T19:10:00Z,657,213
2022-03-04T19:20:00Z,657,770
2022-03-01T00:00:00Z,658,974
2022-03-02T06:55:00Z,658,766
2022-03-02T07:00:00Z,658,856
2022-03-02T07:05:00Z,658,811
2022-03-02T07:35:00Z,658,1016
2022-03-02T07:40:00Z,658,751
2022-03-02T15:05:00Z,658,1009
2022-03-02T15:10:00Z,658,710
2022-03-02T15:15:00Z,658,767
2022-03-02T15:45:00Z,658,997
2022-03-03T18:30:00Z,658,700
2022-03-03T18:35:00Z,658,745
2022-03-03T18:40:00Z,658,472
2022-03-03T18:45:00Z,658,731
2022-03-03T19:05:00Z,658,1178
2022-03-03T19:45:00Z,658,337
2022-03-04T17:55:00Z,658,818
2022-03-04T18:00:00Z,658,770
2022-03-04T18:15:00Z,658,975
2022-03-04T18:55:00Z,658,1220
2022-03-01T00:00:00Z,659,971
2022-03-01T00:00:00Z,660,729
2022-03-01T00:00:00Z,661,172
2022-03-01T00:00:00Z,662,95
2022-03-01T00:00:00Z,663,763
2022-03-02T17:25:00Z,663,700
2022-03-02T17:30:00Z,663,414
2022-03-02T17:35:00Z,663,291
2022-03-02T17:45:00Z,663,117
2022-03-02T19:45:00Z,663,1292
2022-03-03T16:35:00Z,663,757
2022-03-03T16:55:00Z,663,559
2022-03-03T17:00:00Z,663,343
2022-03-03T17:05:00Z,663,1057
2022-03-03T17:10:00Z,663,830
2022-03-03T17:30:00Z,663,1171
2022-03-03T17:40:00Z,663,1143
2022-03-03T17:45:00Z,663,187
2022-03-03T17:50:00Z,663,731
2022-03-03T17:55:00Z,663,818
2022-03-03T18:15:00Z,663,975
2022-03-03T20:40:00Z,663,337
2022-03-03T23:10:00Z,663,745
2022-03-04T18:45:00Z,663,442
2022-03-04T19:30:00Z,663,770
2022-03-04T21:30:00Z,663,1220
2022-03-01T00:00:00Z,664,173
2022-03-01T00:00:00Z,665,1218
2022-03-01T00:00:00Z,666,1317
2022-03-01T00:00:00Z,667,208
2022-03-01T00:00:00Z,668,909
2022-03-03T17:10:00Z,668,845
2022-03-01T00:00:00Z,669,64
2022-03-01T00:00:00Z,670,770
2022-03-02T21:00:00Z,670,695
2022-03-02T21:20:00Z,670,559
2022-03-02T21:25:00Z,670,745
2022-03-02T23:35:00Z,670,1119
2022-03-03T18:00:00Z,670,975
2022-03-03T19:00:00Z,670,229
2022-03-03T19:15:00Z,670,337
2022-03-01T00:00:00Z,671,338
2022-03-01T00:00:00Z,672,865
2022-03-01T00:00:00Z,673,1247
2022-03-01T00:00:00Z,674,1001
2022-03-01T00:00:00Z,675,967
2022-03-01T00:00:00Z,676,1312
2022-03-01T00:00:00Z,677,1204
2022-03-01T00:00:00Z,678,828
2022-03-01T00:00:00Z,679,957
2022-03-01T00:00:00Z,680,310
2022-03-01T00:00:00Z,681,825
2022-03-01T00:00:00Z,682,744
2022-03-01T00:00:00Z,683,275
2022-03-01T00:00:00Z,684,849
2022-03-01T00:00:00Z,685,1013
2022-03-01T00:00:00Z,686,851
2022-03-01T00:00:00Z,687,868
2022-03-01T00:00:00Z,688,739
2022-03-01T00:00:00Z,689,902
2022-03-01T00:00:00Z,690,1008
2022-03-01T00:00:00Z,691,810
2022-03-01T00:00:00Z,692,852
2022-03-01T00:00:00Z,693,756
2022-03-01T00:00:00Z,694,882
2022-03-01T00:00:00Z,695,895
2022-03-01T00:00:00Z,696,711
2022-03-01T00:00:00Z,697,1012
2022-03-01T00:00:00Z,698,910
2022-03-01T00:00:00Z,699,1067
2022-03-01T00:00:00Z,700,720
2022-03-01T00:00:00Z,701,912
2022-03-01T00:00:00Z,702,1059
2022-03-01T00:00:00Z,703,817
2022-03-01T00:00:00Z,704,752
2022-03-01T00:00:00Z,705,930
2022-03-01T00:00:00Z,706,896
2022-03-01T00:00:00Z,707,111
2022-03-01T00:00:00Z,708,889
2022-03-01T00:00:00Z,709,42
2022-03-01T00:00:00Z,710,1313
2022-03-01T00:00:00Z,711,782
2022-03-01T00:00:00Z,712,244
2022-03-01T00:00:00Z,713,1263
2022-03-01T00:00:00Z,714,987
2022-03-01T00:00:00Z,715,831
2022-03-01T00:00:00Z,716,1134
2022-03-01T00:00:00Z,717,1137
2022-03-01T00:00:00Z,718,843
2022-03-01T00:00:00Z,719,892
2022-03-01T00:00:00Z,720,698
2022-03-01T00:00:00Z,721,150
2022-03-01T00:00:00Z,722,894
2022-03-01T00:00:00Z,723,1322
2022-03-01T00:00:00Z,724,1288
2022-03-01T00:00:00Z,725,736
2022-03-01T00:00:00Z,726,869
2022-03-01T00:00:00Z,727,922
2022-03-01T00:00:00Z,728,113
2022-03-01T00:00:00Z,729,799
2022-03-01T00:00:00Z,730,712
2022-03-01T00:00:00Z,731,903
2022-03-01T00:00:00Z,732,1092
2022-03-01T00:00:00Z,733,223
2022-03-01T00:00:00Z,734,1011
2022-03-01T00:00:00Z,735,341
2022-03-01T00:00:00Z,736,1253
2022-03-01T00:00:00Z,737,725
2022-03-01T00:00:00Z,738,806
2022-03-01T00:00:00Z,739,879
2022-03-01T00:00:00Z,740,989
2022-03-01T00:00:00Z,741,61
2022-03-01T00:00:00Z,742,1153
2022-03-01T00:00:00Z,743,1020
2022-03-01T00:00:00Z,744,999
2022-03-01T00:00:00Z,745,582
2022-03-01T00:00:00Z,746,1000
2022-03-01T00:00:00Z,747,1269
2022-03-01T00:00:00Z,748,936
2022-03-01T00:00:00Z,749,1038
2022-03-01T00:00:00Z,750,1242
2022-03-01T00:00:00Z,751,858
2022-03-01T00:00:00Z,752,963
2022-03-01T00:00:00Z,753,901
2022-03-01T00:00:00Z,754,1152
2022-03-01T00:00:00Z,755,992
2022-03-01T00:00:00Z,756,1026
2022-03-02T17:05:00Z,756,572
2022-03-03T17:25:00Z,756,1069
2022-03-03T17:45:00Z,756,1140
2022-03-03T17:50:00Z,756,1302
2022-03-03T18:15:00Z,756,1061
2022-03-04T16:25:00Z,756,1113
2022-03-04T17:00:00Z,756,1229
2022-03-01T00:00:00Z,757,1275
2022-03-02T17:25:00Z,757,1171
2022-03-02T17:35:00Z,757,56
2022-03-02T17:55:00Z,757,337
2022-03-03T19:15:00Z,757,1045
2022-03-03T19:20:00Z,757,1072
2022-03-03T19:45:00Z,757,1127
2022-03-03T20:05:00Z,757,975
2022-03-03T22:20:00Z,757,1090
2022-03-03T22:25:00Z,757,1206
2022-03-04T17:15:00Z,757,1178
2022-03-04T17:20:00Z,757,442
2022-03-04T17:25:00Z,757,1293
2022-03-04T17:30:00Z,757,1292
2022-03-04T17:40:00Z,757,473
2022-03-04T17:45:00Z,757,1300
2022-03-04T17:55:00Z,757,1057
2022-03-04T22:05:00Z,757,1157
2022-03-04T22:30:00Z,757,1168
2022-03-01T00:00:00Z,758,1123
2022-03-01T00:00:00Z,759,1237
2022-03-01T00:00:00Z,760,1178
2022-03-03T18:00:00Z,760,1171
2022-03-03T18:05:00Z,760,1090
2022-03-03T18:10:00Z,760,411
2022-03-03T18:15:00Z,760,1127
2022-03-03T18:20:00Z,760,975
2022-03-03T19:05:00Z,760,337
2022-03-03T19:50:00Z,760,1143
2022-03-03T20:15:00Z,760,1157
2022-03-03T20:50:00Z,760,187
2022-03-03T21:00:00Z,760,442
2022-03-03T21:05:00Z,760,343
2022-03-04T18:40:00Z,760,1072
2022-03-04T20:00:00Z,760,304
2022-03-04T20:05:00Z,760,509
2022-03-04T21:30:00Z,760,390
2022-03-04T22:05:00Z,760,1292
2022-03-01T00:00:00Z,761,1061
2022-03-02T16:20:00Z,761,1162
2022-03-02T18:45:00Z,761,1216
2022-03-02T19:10:00Z,761,572
2022-03-03T19:35:00Z,761,1055
2022-03-04T16:40:00Z,761,1140
2022-03-04T16:45:00Z,761,1183
2022-03-04T18:15:00Z,761,1302
2022-03-04T18:30:00Z,761,1146
2022-03-01T00:00:00Z,762,1064
2022-03-02T16:15:00Z,762,501
2022-03-02T16:20:00Z,762,1157
2022-03-02T16:25:00Z,762,187
2022-03-02T16:30:00Z,762,167
2022-03-02T16:35:00Z,762,442
2022-03-02T17:20:00Z,762,1171
2022-03-02T17:25:00Z,762,1045
2022-03-02T17:40:00Z,762,51
2022-03-02T20:00:00Z,762,337
2022-03-03T20:45:00Z,762,1143
2022-03-03T20:50:00Z,762,1090
2022-03-03T20:55:00Z,762,1119
2022-03-03T21:20:00Z,762,304
2022-03-03T21:25:00Z,762,299
2022-03-04T19:15:00Z,762,1178
2022-03-04T19:20:00Z,762,343
2022-03-04T19:40:00Z,762,1292
2022-03-04T20:00:00Z,762,770
2022-03-04T21:30:00Z,762,1125
2022-03-01T00:00:00Z,763,1224
2022-03-01T00:00:00Z,764,1087
2022-03-01T00:00:00Z,765,1193
2022-03-01T00:00:00Z,766,1115
2022-03-01T00:00:00Z,767,653
2022-03-01T00:00:00Z,768,1239
2022-03-02T17:35:00Z,768,117
2022-03-02T17:45:00Z,768,1143
2022-03-02T17:50:00Z,768,299
2022-03-03T18:15:00Z,768,1125
2022-03-03T18:25:00Z,768,1045
2022-03-03T18:30:00Z,768,1072
2022-03-03T18:35:00Z,768,187
2022-03-03T18:50:00Z,768,1178
2022-03-03T19:00:00Z,768,442
2022-03-03T19:15:00Z,768,562
2022-03-03T20:15:00Z,768,337
2022-03-04T19:50:00Z,768,1119
2022-03-04T20:05:00Z,768,1157
2022-03-04T20:10:00Z,768,1090
2022-03-04T20:15:00Z,768,411
2022-03-04T22:05:00Z,768,1122
2022-03-04T23:05:00Z,768,343
2022-03-01T00:00:00Z,769,44
2022-03-01T00:00:00Z,770,1324
2022-03-01T00:00:00Z,771,403
2022-03-01T00:00:00Z,772,1258
2022-03-01T00:00:00Z,773,1162
2022-03-02T08:10:00Z,773,1146
2022-03-02T08:40:00Z,773,1302
2022-03-03T16:40:00Z,773,1026
2022-03-03T16:45:00Z,773,1061
2022-03-03T17:50:00Z,773,1113
2022-03-03T19:35:00Z,773,572
2022-03-04T17:10:00Z,773,1229
2022-03-04T17:15:00Z,773,1069
2022-03-01T00:00:00Z,774,1219
2022-03-02T16:35:00Z,774,652
2022-03-02T16:40:00Z,774,167
2022-03-02T16:55:00Z,774,473
2022-03-02T17:20:00Z,774,1119
2022-03-02T20:50:00Z,774,1143
2022-03-02T21:45:00Z,774,411
2022-03-03T17:35:00Z,774,1275
2022-03-03T17:45:00Z,774,1171
2022-03-03T18:10:00Z,774,1157
2022-03-03T18:15:00Z,774,1072
2022-03-03T18:20:00Z,774,163
2022-03-03T19:15:00Z,774,337
2022-03-03T22:40:00Z,774,1057
2022-03-04T17:55:00Z,774,1293
2022-03-04T19:00:00Z,774,975
2022-03-04T19:05:00Z,774,1132
2022-03-01T00:00:00Z,775,1201
2022-03-01T00:00:00Z,776,651
2022-03-01T00:00:00Z,777,597
2022-03-01T00:00:00Z,778,1266
2022-03-01T00:00:00Z,779,407
2022-03-01T00:00:00Z,780,1113
2022-03-02T17:25:00Z,780,1162
2022-03-02T18:40:00Z,780,572
2022-03-04T17:45:00Z,780,797
2022-03-01T00:00:00Z,781,569
2022-03-01T00:00:00Z,782,1252
2022-03-02T16:00:00Z,782,1101
2022-03-02T16:15:00Z,782,1043
2022-03-02T16:20:00Z,782,1221
2022-03-02T16:30:00Z,782,1319
2022-03-02T16:45:00Z,782,1248
2022-03-02T16:50:00Z,782,1027
2022-03-02T17:05:00Z,782,920
2022-03-02T17:10:00Z,782,283
2022-03-02T17:15:00Z,782,329
2022-03-02T21:50:00Z,782,332
2022-03-01T00:00:00Z,783,1073
2022-03-01T00:00:00Z,784,1316
2022-03-01T00:00:00Z,785,1143
2022-03-02T17:30:00Z,785,183
2022-03-02T17:45:00Z,785,1072
2022-03-03T17:45:00Z,785,343
2022-03-03T17:55:00Z,785,473
2022-03-03T18:15:00Z,785,337
2022-03-04T19:05:00Z,785,818
2022-03-04T19:10:00Z,785,928
2022-03-04T19:15:00Z,785,1119
2022-03-04T19:35:00Z,785,1157
2022-03-04T19:40:00Z,785,299
2022-03-04T19:55:00Z,785,442
2022-03-04T20:50:00Z,785,975
2022-03-01T00:00:00Z,786,281
2022-03-01T00:00:00Z,787,475
2022-03-01T00:00:00Z,788,1104
2022-03-01T00:00:00Z,789,1157
2022-03-02T16:00:00Z,789,167
2022-03-02T16:05:00Z,789,229
2022-03-02T16:10:00Z,789,337
2022-03-02T19:45:00Z,789,700
2022-03-02T19:50:00Z,789,1278
2022-03-02T20:05:00Z,789,745
2022-03-02T20:40:00Z,789,1171
2022-03-02T22:00:00Z,789,1161
2022-03-03T17:00:00Z,789,1292
2022-03-03T18:45:00Z,789,975
2022-03-03T19:15:00Z,789,1119
2022-03-03T19:30:00Z,789,1045
2022-03-03T19:35:00Z,789,1143
2022-03-03T19:45:00Z,789,1090
2022-03-03T19:50:00Z,789,509
2022-03-03T19:55:00Z,789,1072
2022-03-03T20:00:00Z,789,390
2022-03-03T20:05:00Z,789,1127
2022-03-04T18:40:00Z,789,1293
2022-03-04T23:15:00Z,789,1220
2022-03-01T00:00:00Z,790,1302
2022-03-02T07:15:00Z,790,118
2022-03-02T07:45:00Z,790,75
2022-03-03T18:25:00Z,790,1229
2022-03-03T18:30:00Z,790,1061
2022-03-04T16:15:00Z,790,1113
2022-03-04T16:25:00Z,790,1091
2022-03-04T17:05:00Z,790,850
2022-03-01T00:00:00Z,791,1311
2022-03-02T16:05:00Z,791,473
2022-03-02T16:10:00Z,791,10
2022-03-03T18:40:00Z,791,1072
2022-03-03T18:45:00Z,791,299
2022-03-03T18:50:00Z,791,187
2022-03-03T18:55:00Z,791,1220
2022-03-03T21:25:00Z,791,1249
2022-03-03T21:35:00Z,791,1090
2022-03-03T21:40:00Z,791,1143
2022-03-03T22:00:00Z,791,1119
2022-03-03T22:05:00Z,791,1157
2022-03-03T23:20:00Z,791,1178
2022-03-03T23:55:00Z,791,975
2022-03-04T18:15:00Z,791,562
2022-03-04T18:25:00Z,791,818
2022-03-04T18:35:00Z,791,337
2022-03-04T23:05:00Z,791,304
2022-03-04T23:10:00Z,791,1276
2022-03-04T23:25:00Z,791,1293
2022-03-01T00:00:00Z,792,1146
2022-03-02T07:55:00Z,792,1302
2022-03-02T08:20:00Z,792,1162
2022-03-02T20:35:00Z,792,1140
2022-03-02T20:40:00Z,792,1229
2022-03-03T22:05:00Z,792,1091
2022-03-03T22:30:00Z,792,1069
2022-03-04T17:30:00Z,792,1026
2022-03-04T19:55:00Z,792,551
2022-03-04T23:55:00Z,792,1061
2022-03-01T00:00:00Z,793,1053
2022-03-02T16:40:00Z,793,184
2022-03-02T16:45:00Z,793,619
2022-03-02T16:50:00Z,793,183
2022-03-02T16:55:00Z,793,299
2022-03-02T17:20:00Z,793,731
2022-03-02T19:00:00Z,793,337
2022-03-02T20:00:00Z,793,1145
2022-03-02T20:15:00Z,793,472
2022-03-03T18:50:00Z,793,1045
2022-03-03T19:05:00Z,793,1090
2022-03-03T19:10:00Z,793,1072
2022-03-03T19:40:00Z,793,1119
2022-03-03T19:50:00Z,793,1111
2022-03-03T20:20:00Z,793,390
2022-03-03T21:05:00Z,793,187
2022-03-04T18:05:00Z,793,1157
2022-03-04T18:10:00Z,793,1220
2022-03-01T00:00:00Z,794,1140
2022-03-02T16:40:00Z,794,704
2022-03-02T19:30:00Z,794,1113
2022-03-02T23:20:00Z,794,850
2022-03-03T17:30:00Z,794,1069
2022-03-03T17:50:00Z,794,1146
2022-03-03T18:00:00Z,794,1229
2022-03-03T18:25:00Z,794,1055
2022-03-03T18:35:00Z,794,1170
2022-03-04T16:30:00Z,794,1061
2022-03-04T17:20:00Z,794,797
2022-03-01T00:00:00Z,795,1200
2022-03-01T00:00:00Z,796,1215
2022-03-01T00:00:00Z,797,1210
2022-03-01T00:00:00Z,798,1068
2022-03-02T18:00:00Z,798,1043
2022-03-02T18:05:00Z,798,842
2022-03-02T18:10:00Z,798,891
2022-03-02T20:55:00Z,798,332
2022-03-02T21:50:00Z,798,968
2022-03-02T21:55:00Z,798,904
2022-03-01T00:00:00Z,799,1249
2022-03-02T15:55:00Z,799,337
2022-03-02T16:00:00Z,799,1157
2022-03-02T16:05:00Z,799,411
2022-03-02T16:10:00Z,799,343
2022-03-02T16:15:00Z,799,163
2022-03-02T16:50:00Z,799,229
2022-03-03T18:15:00Z,799,1129
2022-03-03T18:30:00Z,799,1119
2022-03-03T18:35:00Z,799,1171
2022-03-03T19:00:00Z,799,1090
2022-03-03T19:05:00Z,799,187
2022-03-03T19:10:00Z,799,167
2022-03-03T19:15:00Z,799,442
2022-03-03T20:50:00Z,799,1293
2022-03-04T16:30:00Z,799,1143
2022-03-04T16:40:00Z,799,1072
2022-03-04T16:45:00Z,799,1178
2022-03-04T16:50:00Z,799,562
2022-03-04T16:55:00Z,799,1220
2022-03-04T20:40:00Z,799,304
2022-03-04T21:15:00Z,799,975
2022-03-01T00:00:00Z,800,35
2022-03-01T00:00:00Z,801,1289
2022-03-01T00:00:00Z,802,1091
2022-03-02T17:25:00Z,802,1229
2022-03-02T18:40:00Z,802,1146
2022-03-02T19:05:00Z,802,1026
2022-03-02T23:25:00Z,802,1113
2022-03-03T17:25:00Z,802,572
2022-03-01T00:00:00Z,803,449
2022-03-01T00:00:00Z,804,1120
2022-03-01T00:00:00Z,805,498
2022-03-01T00:00:00Z,806,1216
2022-03-02T16:55:00Z,806,1302
2022-03-02T20:35:00Z,806,1162
2022-03-02T22:40:00Z,806,572
2022-03-03T19:10:00Z,806,1069
2022-03-04T16:40:00Z,806,1170
2022-03-04T18:15:00Z,806,1229
2022-03-01T00:00:00Z,807,533
2022-03-01T00:00:00Z,808,1194
2022-03-02T17:25:00Z,808,1306
2022-03-02T17:35:00Z,808,683
2022-03-02T17:40:00Z,808,1090
2022-03-03T16:50:00Z,808,1107
2022-03-03T17:05:00Z,808,411
2022-03-03T17:15:00Z,808,1102
2022-03-03T17:25:00Z,808,1143
2022-03-03T17:35:00Z,808,509
2022-03-03T17:45:00Z,808,818
2022-03-03T17:55:00Z,808,975
2022-03-03T18:20:00Z,808,337
2022-03-04T19:00:00Z,808,1045
2022-03-04T19:10:00Z,808,1178
2022-03-04T19:15:00Z,808,1127
2022-03-01T00:00:00Z,809,1182
2022-03-01T00:00:00Z,810,94
2022-03-01T00:00:00Z,811,1259
2022-03-01T00:00:00Z,812,1273
2022-03-01T00:00:00Z,813,1291
2022-03-01T00:00:00Z,814,1042
2022-03-01T00:00:00Z,815,1295
2022-03-01T00:00:00Z,816,211
2022-03-01T00:00:00Z,817,1170
2022-03-02T16:00:00Z,817,572
2022-03-02T16:10:00Z,817,1162
2022-03-02T17:05:00Z,817,1069
2022-03-02T17:25:00Z,817,1113
2022-03-01T00:00:00Z,818,1045
2022-03-02T16:50:00Z,818,51
2022-03-02T16:55:00Z,818,1157
2022-03-02T17:00:00Z,818,411
2022-03-02T17:20:00Z,818,299
2022-03-02T17:25:00Z,818,337
2022-03-02T18:55:00Z,818,1086
2022-03-02T19:05:00Z,818,632
2022-03-02T19:10:00Z,818,683
2022-03-02T19:25:00Z,818,665
2022-03-02T19:45:00Z,818,472
2022-03-02T20:15:00Z,818,652
2022-03-03T17:25:00Z,818,1090
2022-03-03T17:30:00Z,818,167
2022-03-03T17:45:00Z,818,1127
2022-03-03T18:15:00Z,818,1171
2022-03-03T18:45:00Z,818,1072
2022-03-03T19:00:00Z,818,818
2022-03-03T19:10:00Z,818,975
2022-03-04T17:05:00Z,818,1250
2022-03-04T17:15:00Z,818,1292
2022-03-04T17:30:00Z,818,1249
2022-03-04T17:40:00Z,818,1178
2022-03-04T17:45:00Z,818,1293
2022-03-04T17:50:00Z,818,770
2022-03-04T17:55:00Z,818,1300
2022-03-04T18:15:00Z,818,1220
2022-03-04T23:25:00Z,818,442
2022-03-01T00:00:00Z,819,85
2022-03-01T00:00:00Z,820,120
2022-03-01T00:00:00Z,821,554
2022-03-01T00:00:00Z,822,430
2022-03-01T00:00:00Z,823,234
2022-03-01T00:00:00Z,824,1069
2022-03-02T16:55:00Z,824,327
2022-03-02T17:00:00Z,824,1055
2022-03-03T16:45:00Z,824,1026
2022-03-03T16:50:00Z,824,1146
2022-03-03T19:35:00Z,824,1113
2022-03-04T16:55:00Z,824,1229
2022-03-01T00:00:00Z,825,1171
2022-03-02T16:55:00Z,825,1045
2022-03-02T17:05:00Z,825,56
2022-03-02T17:25:00Z,825,1157
2022-03-02T18:35:00Z,825,337
2022-03-02T19:45:00Z,825,1130
2022-03-02T19:55:00Z,825,632
2022-03-02T20:00:00Z,825,51
2022-03-03T19:05:00Z,825,1235
2022-03-03T19:15:00Z,825,1143
2022-03-03T19:20:00Z,825,1072
2022-03-03T19:25:00Z,825,299
2022-03-03T20:05:00Z,825,187
2022-03-03T20:15:00Z,825,731
2022-03-03T20:50:00Z,825,562
2022-03-03T21:00:00Z,825,975
2022-03-04T17:50:00Z,825,1119
2022-03-04T17:55:00Z,825,1090
2022-03-04T18:00:00Z,825,1293
2022-03-04T18:05:00Z,825,10
2022-03-04T19:10:00Z,825,1300
2022-03-01T00:00:00Z,826,1173
2022-03-01T00:00:00Z,827,1129
2022-03-02T17:45:00Z,827,501
2022-03-02T17:50:00Z,827,1143
2022-03-02T18:55:00Z,827,337
2022-03-03T20:15:00Z,827,1090
2022-03-03T20:20:00Z,827,509
2022-03-03T20:50:00Z,827,1072
2022-03-03T21:00:00Z,827,390
2022-03-03T21:05:00Z,827,731
2022-03-03T21:20:00Z,827,229
2022-03-04T19:35:00Z,827,1171
2022-03-04T19:40:00Z,827,1157
2022-03-04T19:45:00Z,827,304
2022-03-04T19:55:00Z,827,187
2022-03-04T21:35:00Z,827,1293
2022-03-01T00:00:00Z,828,1119
2022-03-02T17:00:00Z,828,167
2022-03-02T17:55:00Z,828,731
2022-03-02T19:00:00Z,828,337
2022-03-02T20:25:00Z,828,1219
2022-03-02T20:35:00Z,828,559
2022-03-02T20:50:00Z,828,665
2022-03-02T21:00:00Z,828,745
2022-03-02T21:25:00Z,828,501
2022-03-03T17:45:00Z,828,1090
2022-03-03T17:50:00Z,828,1072
2022-03-03T17:55:00Z,828,187
2022-03-03T18:00:00Z,828,442
2022-03-03T18:30:00Z,828,928
2022-03-03T19:30:00Z,828,229
2022-03-03T21:00:00Z,828,1249
2022-03-03T21:20:00Z,828,1157
2022-03-03T21:30:00Z,828,509
2022-03-03T21:45:00Z,828,299
2022-03-03T22:00:00Z,828,1178
2022-03-03T23:20:00Z,828,343
2022-03-04T19:10:00Z,828,1045
2022-03-04T19:40:00Z,828,818
2022-03-04T23:00:00Z,828,1293
2022-03-01T00:00:00Z,829,215
2022-03-01T00:00:00Z,830,210
2022-03-01T00:00:00Z,831,1055
2022-03-02T16:40:00Z,831,572
2022-03-03T17:45:00Z,831,1091
2022-03-03T19:40:00Z,831,1170
2022-03-04T19:55:00Z,831,1061
2022-03-04T20:45:00Z,831,1069
2022-03-04T20:50:00Z,831,1216
2022-03-01T00:00:00Z,832,707
2022-03-04T19:10:00Z,832,797
2022-03-01T00:00:00Z,833,236
2022-03-01T00:00:00Z,834,1161
2022-03-02T22:00:00Z,834,1290
2022-03-03T17:20:00Z,834,1220
2022-03-04T21:50:00Z,834,1292
2022-03-01T00:00:00Z,835,1234
2022-03-01T00:00:00Z,836,290
2022-03-01T00:00:00Z,837,446
2022-03-01T00:00:00Z,838,610
2022-03-01T00:00:00Z,839,1229
2022-03-02T08:35:00Z,839,1146
2022-03-02T09:00:00Z,839,1162
2022-03-02T16:20:00Z,839,1170
2022-03-02T16:35:00Z,839,1183
2022-03-03T16:05:00Z,839,1061
2022-03-03T17:30:00Z,839,1113
2022-03-03T17:45:00Z,839,572
2022-03-01T00:00:00Z,840,1246
2022-03-01T00:00:00Z,841,1187
2022-03-01T00:00:00Z,842,1325
2022-03-03T19:00:00Z,842,1072
2022-03-03T19:20:00Z,842,163
2022-03-03T21:05:00Z,842,975
2022-03-03T22:50:00Z,842,337
2022-03-01T00:00:00Z,843,1297
2022-03-01T00:00:00Z,844,1164
2022-03-01T00:00:00Z,845,136
2022-03-01T00:00:00Z,846,572
2022-03-02T06:40:00Z,846,261
2022-03-03T06:45:00Z,846,761
2022-03-03T07:10:00Z,846,1170
2022-03-03T15:25:00Z,846,1091
2022-03-03T16:00:00Z,846,504
2022-03-03T16:05:00Z,846,70
2022-03-03T16:10:00Z,846,495
2022-03-04T19:05:00Z,846,797
2022-03-01T00:00:00Z,847,1168
2022-03-02T17:35:00Z,847,665
2022-03-02T17:40:00Z,847,414
2022-03-02T17:45:00Z,847,559
2022-03-02T17:50:00Z,847,683
2022-03-02T19:05:00Z,847,731
2022-03-03T18:20:00Z,847,1154
2022-03-03T18:35:00Z,847,1072
2022-03-03T18:45:00Z,847,1143
2022-03-03T19:05:00Z,847,56
2022-03-03T19:10:00Z,847,1157
2022-03-03T19:20:00Z,847,299
2022-03-03T19:25:00Z,847,187
2022-03-03T19:45:00Z,847,1178
2022-03-03T20:00:00Z,847,975
2022-03-03T23:05:00Z,847,1220
2022-03-04T17:40:00Z,847,1292
2022-03-04T17:45:00Z,847,770
2022-03-04T19:15:00Z,847,1045
2022-03-04T20:30:00Z,847,343
2022-03-04T21:55:00Z,847,818
2022-03-01T00:00:00Z,848,1189
2022-03-01T00:00:00Z,849,1197
2022-03-02T15:50:00Z,849,1101
2022-03-02T15:55:00Z,849,1221
2022-03-02T16:00:00Z,849,1027
2022-03-02T16:05:00Z,849,1043
2022-03-02T16:10:00Z,849,920
2022-03-02T16:15:00Z,849,666
2022-03-02T17:20:00Z,849,783
2022-03-02T17:40:00Z,849,842
2022-03-02T17:55:00Z,849,968
2022-03-02T18:00:00Z,849,891
2022-03-02T18:05:00Z,849,484
2022-03-01T00:00:00Z,850,1051
2022-03-01T00:00:00Z,851,1287
2022-03-01T00:00:00Z,852,677
2022-03-01T00:00:00Z,853,1021
2022-03-02T21:15:00Z,853,1018
2022-03-02T22:00:00Z,853,1318
2022-03-02T23:35:00Z,853,745
2022-03-03T18:25:00Z,853,1220
2022-03-04T21:30:00Z,853,1157
2022-03-04T22:10:00Z,853,562
2022-03-04T22:20:00Z,853,1178
2022-03-01T00:00:00Z,854,599
2022-03-01T00:00:00Z,855,1177
2022-03-01T00:00:00Z,856,1085
2022-03-03T17:05:00Z,856,1161
2022-03-01T00:00:00Z,857,1065
2022-03-01T00:00:00Z,858,1250
2022-03-02T16:30:00Z,858,299
2022-03-02T16:35:00Z,858,1157
2022-03-02T16:55:00Z,858,304
2022-03-02T17:00:00Z,858,187
2022-03-02T18:25:00Z,858,1166
2022-03-02T18:45:00Z,858,291
2022-03-03T19:00:00Z,858,411
2022-03-03T19:05:00Z,858,731
2022-03-03T19:35:00Z,858,954
2022-03-04T16:40:00Z,858,1045
2022-03-04T16:50:00Z,858,1090
2022-03-04T16:55:00Z,858,1072
2022-03-04T17:00:00Z,858,1220
2022-03-04T17:45:00Z,858,1171
2022-03-04T18:05:00Z,858,1292
2022-03-04T18:10:00Z,858,1119
2022-03-04T18:35:00Z,858,163
2022-03-04T19:40:00Z,858,337
2022-03-01T00:00:00Z,859,1090
2022-03-02T17:40:00Z,859,1045
2022-03-02T18:55:00Z,859,731
2022-03-03T18:00:00Z,859,1072
2022-03-03T18:15:00Z,859,473
2022-03-03T19:05:00Z,859,1220
2022-03-03T20:00:00Z,859,701
2022-03-04T19:05:00Z,859,1119
2022-03-04T19:15:00Z,859,1143
2022-03-04T19:20:00Z,859,299
2022-03-04T19:25:00Z,859,187
2022-03-04T19:30:00Z,859,167
2022-03-04T19:35:00Z,859,1127
2022-03-04T19:40:00Z,859,163
2022-03-04T19:50:00Z,859,975
2022-03-01T00:00:00Z,860,1300
2022-03-03T19:45:00Z,860,337
2022-03-04T19:30:00Z,860,1045
2022-03-04T19:35:00Z,860,183
2022-03-04T19:40:00Z,860,1171
2022-03-04T19:45:00Z,860,1157
2022-03-04T19:50:00Z,860,1293
2022-03-04T21:35:00Z,860,229
2022-03-01T00:00:00Z,861,1103
2022-03-01T00:00:00Z,862,1072
2022-03-02T17:45:00Z,862,731
2022-03-02T19:00:00Z,862,1306
2022-03-02T19:15:00Z,862,559
2022-03-02T19:35:00Z,862,529
2022-03-02T20:30:00Z,862,51
2022-03-03T18:25:00Z,862,1133
2022-03-03T18:40:00Z,862,1119
2022-03-03T18:45:00Z,862,1090
2022-03-03T18:55:00Z,862,1276
2022-03-03T19:20:00Z,862,390
2022-03-03T19:30:00Z,862,928
2022-03-03T21:25:00Z,862,1220
2022-03-04T17:35:00Z,862,1157
2022-03-04T17:45:00Z,862,1292
2022-03-04T17:50:00Z,862,975
2022-03-04T18:50:00Z,862,337
2022-03-04T19:05:00Z,862,1130
2022-03-04T19:20:00Z,862,1143
2022-03-04T19:25:00Z,862,1171
2022-03-04T19:45:00Z,862,1045
2022-03-04T20:05:00Z,862,411
2022-03-04T20:10:00Z,862,304
2022-03-04T22:05:00Z,862,1057
2022-03-01T00:00:00Z,863,1236
2022-03-01T00:00:00Z,864,1057
2022-03-03T17:05:00Z,864,1085
2022-03-03T20:00:00Z,864,1072
2022-03-03T20:50:00Z,864,731
2022-03-03T21:05:00Z,864,1178
2022-03-03T23:10:00Z,864,343
2022-03-03T23:20:00Z,864,975
2022-03-04T19:30:00Z,864,229
2022-03-04T21:35:00Z,864,1194
2022-03-01T00:00:00Z,865,197
2022-03-01T00:00:00Z,866,1238
2022-03-01T00:00:00Z,867,1023
2022-03-03T18:25:00Z,867,1157
2022-03-03T18:30:00Z,867,1290
2022-03-03T18:45:00Z,867,1045
2022-03-03T18:50:00Z,867,51
2022-03-03T18:55:00Z,867,1072
2022-03-03T19:00:00Z,867,337
2022-03-04T18:30:00Z,867,1151
2022-03-04T18:50:00Z,867,1143
2022-03-04T18:55:00Z,867,1090
2022-03-04T19:00:00Z,867,1145
2022-03-04T19:20:00Z,867,1293
2022-03-04T19:50:00Z,867,343
2022-03-04T20:30:00Z,867,1127
2022-03-04T23:05:00Z,867,770
2022-03-04T23:15:00Z,867,975
2022-03-01T00:00:00Z,868,1084
2022-03-02T20:15:00Z,868,154
2022-03-01T00:00:00Z,869,1260
2022-03-01T00:00:00Z,870,1251
2022-03-01T00:00:00Z,871,174
2022-03-01T00:00:00Z,872,1086
2022-03-02T16:15:00Z,872,1157
2022-03-02T16:20:00Z,872,1127
2022-03-02T21:45:00Z,872,1132
2022-03-03T17:00:00Z,872,1143
2022-03-03T17:10:00Z,872,1171
2022-03-03T17:15:00Z,872,975
2022-03-03T18:05:00Z,872,1084
2022-03-03T22:25:00Z,872,304
2022-03-03T22:40:00Z,872,509
2022-03-03T22:55:00Z,872,1072
2022-03-03T23:05:00Z,872,731
2022-03-03T23:10:00Z,872,1178
2022-03-04T09:40:00Z,872,1126
2022-03-04T21:35:00Z,872,1119
2022-03-01T00:00:00Z,873,555
2022-03-01T00:00:00Z,874,1110
2022-03-01T00:00:00Z,875,1220
2022-03-03T08:15:00Z,875,1122
2022-03-03T19:05:00Z,875,1171
2022-03-04T17:20:00Z,875,562
2022-03-04T17:25:00Z,875,1293
2022-03-04T17:40:00Z,875,1023
2022-03-04T18:00:00Z,875,1132
2022-03-04T19:00:00Z,875,1178
2022-03-04T19:20:00Z,875,928
2022-03-04T21:35:00Z,875,909
2022-03-04T23:05:00Z,875,845
2022-03-01T00:00:00Z,876,93
2022-03-01T00:00:00Z,877,1108
2022-03-01T00:00:00Z,878,1175
2022-03-01T00:00:00Z,879,1149
2022-03-01T00:00:00Z,880,1
2022-03-01T00:00:00Z,881,1117
2022-03-01T00:00:00Z,882,1192
2022-03-01T00:00:00Z,883,648
2022-03-01T00:00:00Z,884,1183
2022-03-02T16:25:00Z,884,572
2022-03-02T18:40:00Z,884,1061
2022-03-02T19:35:00Z,884,1146
2022-03-03T16:35:00Z,884,1229
2022-03-03T16:40:00Z,884,1069
2022-03-03T19:15:00Z,884,1140
2022-03-03T20:10:00Z,884,1216
2022-03-01T00:00:00Z,885,280
2022-03-01T00:00:00Z,886,1132
2022-03-02T18:55:00Z,886,1239
2022-03-02T19:15:00Z,886,472
2022-03-02T19:25:00Z,886,411
2022-03-02T19:45:00Z,886,1293
2022-03-02T21:15:00Z,886,1021
2022-03-01T00:00:00Z,887,1142
2022-03-02T17:55:00Z,887,501
2022-03-02T18:25:00Z,887,184
2022-03-02T20:15:00Z,887,1084
2022-03-02T20:20:00Z,887,1086
2022-03-02T20:30:00Z,887,700
2022-03-03T18:20:00Z,887,1090
2022-03-03T18:25:00Z,887,1072
2022-03-03T18:30:00Z,887,299
2022-03-03T18:35:00Z,887,1223
2022-03-03T18:45:00Z,887,1157
2022-03-03T18:50:00Z,887,304
2022-03-03T18:55:00Z,887,509
2022-03-03T19:05:00Z,887,1127
2022-03-03T19:45:00Z,887,1300
2022-03-03T20:50:00Z,887,1194
2022-03-04T16:50:00Z,887,1119
2022-03-04T17:00:00Z,887,1293
2022-03-04T17:05:00Z,887,1292
2022-03-04T17:10:00Z,887,770
2022-03-04T17:20:00Z,887,699
2022-03-04T17:40:00Z,887,1220
2022-03-04T19:15:00Z,887,337
2022-03-01T00:00:00Z,888,1136
2022-03-01T00:00:00Z,889,68
2022-03-01T00:00:00Z,890,1208
2022-03-01T00:00:00Z,891,1188
2022-03-01T00:00:00Z,892,227
2022-03-01T00:00:00Z,893,1131
2022-03-01T00:00:00Z,894,1074
2022-03-01T00:00:00Z,895,1029
2022-03-01T00:00:00Z,896,1290
2022-03-02T18:10:00Z,896,1267
2022-03-02T18:20:00Z,896,700
2022-03-02T19:00:00Z,896,665
2022-03-02T19:15:00Z,896,683
2022-03-03T17:55:00Z,896,1171
2022-03-03T18:00:00Z,896,1045
2022-03-03T18:05:00Z,896,1157
2022-03-03T18:10:00Z,896,1090
2022-03-03T18:15:00Z,896,299
2022-03-03T18:20:00Z,896,187
2022-03-03T18:25:00Z,896,562
2022-03-03T18:40:00Z,896,343
2022-03-03T19:05:00Z,896,975
2022-03-03T19:15:00Z,896,229
2022-03-03T19:30:00Z,896,699
2022-03-03T21:40:00Z,896,1220
2022-03-04T16:25:00Z,896,1119
2022-03-04T16:30:00Z,896,1293
2022-03-04T16:35:00Z,896,1292
2022-03-04T16:40:00Z,896,954
2022-03-04T22:45:00Z,896,509
2022-03-01T00:00:00Z,897,1127
2022-03-02T16:10:00Z,897,229
2022-03-02T16:45:00Z,897,1151
2022-03-02T17:00:00Z,897,1157
2022-03-02T17:25:00Z,897,390
2022-03-03T18:40:00Z,897,1220
2022-03-04T17:00:00Z,897,1072
2022-03-04T17:15:00Z,897,1292
2022-03-04T17:45:00Z,897,473
2022-03-04T18:15:00Z,897,1084
2022-03-01T00:00:00Z,898,1076
2022-03-01T00:00:00Z,899,1315
2022-03-01T00:00:00Z,900,1130
2022-03-02T16:30:00Z,900,1157
2022-03-02T16:35:00Z,900,731
2022-03-02T17:20:00Z,900,473
2022-03-03T18:45:00Z,900,1072
2022-03-03T18:50:00Z,900,390
2022-03-03T18:55:00Z,900,187
2022-03-03T19:00:00Z,900,337
2022-03-03T19:05:00Z,900,1194
2022-03-03T20:55:00Z,900,1267
2022-03-03T21:05:00Z,900,1090
2022-03-03T21:15:00Z,900,299
2022-03-04T19:10:00Z,900,1143
2022-03-04T19:15:00Z,900,1171
2022-03-04T21:40:00Z,900,1220
2022-03-01T00:00:00Z,901,1292
2022-03-02T19:45:00Z,901,337
2022-03-03T19:45:00Z,901,1220
2022-03-01T00:00:00Z,902,196
2022-03-01T00:00:00Z,903,200
2022-03-01T00:00:00Z,904,333
2022-03-01T00:00:00Z,905,1257
2022-03-01T00:00:00Z,906,1232
2022-03-01T00:00:00Z,907,1293
2022-03-02T19:45:00Z,907,229
2022-03-03T19:00:00Z,907,1157
2022-03-03T19:05:00Z,907,1072
2022-03-03T19:10:00Z,907,473
2022-03-04T17:15:00Z,907,10
2022-03-04T17:35:00Z,907,1220
2022-03-04T21:40:00Z,907,1090
2022-03-04T21:55:00Z,907,390
2022-03-04T22:00:00Z,907,299
2022-03-04T22:05:00Z,907,1178
2022-03-04T22:15:00Z,907,770
2022-03-01T00:00:00Z,908,1080
2022-03-01T00:00:00Z,909,547
2022-03-01T00:00:00Z,910,1118
2022-03-01T00:00:00Z,911,230
2022-03-01T00:00:00Z,912,1310
2022-03-01T00:00:00Z,913,127
2022-03-01T00:00:00Z,914,233
2022-03-01T00:00:00Z,915,1156
2022-03-01T00:00:00Z,916,1081
2022-03-02T17:35:00Z,916,1101
2022-03-02T17:40:00Z,916,1043
2022-03-02T17:45:00Z,916,891
2022-03-02T17:50:00Z,916,920
2022-03-02T21:05:00Z,916,488
2022-03-02T21:10:00Z,916,464
2022-03-02T21:15:00Z,916,396
2022-03-02T21:25:00Z,916,558
2022-03-01T00:00:00Z,917,1105
2022-03-01T00:00:00Z,918,324
2022-03-01T00:00:00Z,919,615
2022-03-01T00:00:00Z,920,1122
2022-03-02T17:15:00Z,920,1126
2022-03-02T17:30:00Z,920,1143
2022-03-02T17:45:00Z,920,1064
2022-03-02T18:30:00Z,920,337
2022-03-03T19:00:00Z,920,1072
2022-03-03T19:05:00Z,920,390
2022-03-03T19:10:00Z,920,299
2022-03-03T19:15:00Z,920,187
2022-03-03T19:20:00Z,920,167
2022-03-03T19:35:00Z,920,975
2022-03-04T17:45:00Z,920,1293
2022-03-04T17:50:00Z,920,1171
2022-03-04T17:55:00Z,920,1119
2022-03-04T18:15:00Z,920,1178
2022-03-01T00:00:00Z,921,1063
2022-03-01T00:00:00Z,922,540
2022-03-01T00:00:00Z,923,1235
2022-03-02T17:55:00Z,923,665
2022-03-02T19:00:00Z,923,414
2022-03-02T21:25:00Z,923,213
2022-03-03T19:15:00Z,923,1157
2022-03-03T19:20:00Z,923,1090
2022-03-03T19:25:00Z,923,411
2022-03-03T19:30:00Z,923,390
2022-03-03T19:55:00Z,923,187
2022-03-03T20:00:00Z,923,167
2022-03-04T17:55:00Z,923,1292
2022-03-04T18:05:00Z,923,770
2022-03-04T18:40:00Z,923,975
2022-03-04T22:50:00Z,923,1293
2022-03-04T23:00:00Z,923,1126
2022-03-01T00:00:00Z,924,134
2022-03-01T00:00:00Z,925,14
2022-03-02T07:15:00Z,925,337
2022-03-01T00:00:00Z,926,629
2022-03-01T00:00:00Z,927,634
2022-03-01T00:00:00Z,928,1148
2022-03-01T00:00:00Z,929,1098
2022-03-01T00:00:00Z,930,303
2022-03-01T00:00:00Z,931,1298
2022-03-01T00:00:00Z,932,1169
2022-03-01T00:00:00Z,933,432
2022-03-01T00:00:00Z,934,67
2022-03-01T00:00:00Z,935,1304
2022-03-01T00:00:00Z,936,545
2022-03-01T00:00:00Z,937,550
2022-03-01T00:00:00Z,938,1305
2022-03-01T00:00:00Z,939,1121
2022-03-01T00:00:00Z,940,1158
2022-03-01T00:00:00Z,941,1144
2022-03-01T00:00:00Z,942,1150
2022-03-01T00:00:00Z,943,1176
2022-03-01T00:00:00Z,944,130
2022-03-01T00:00:00Z,945,1032
2022-03-01T00:00:00Z,946,510
2022-03-01T00:00:00Z,947,404
2022-03-01T00:00:00Z,948,302
2022-03-01T00:00:00Z,949,1284
2022-03-01T00:00:00Z,950,114
2022-03-01T00:00:00Z,951,1180
2022-03-01T00:00:00Z,952,536
2022-03-01T00:00:00Z,953,123
2022-03-01T00:00:00Z,954,1285
2022-03-01T00:00:00Z,955,257
2022-03-01T00:00:00Z,956,147
2022-03-01T00:00:00Z,957,1114
2022-03-01T00:00:00Z,958,34
2022-03-01T00:00:00Z,959,1044
2022-03-01T00:00:00Z,960,898
2022-03-01T00:00:00Z,961,259
2022-03-01T00:00:00Z,962,1116
2022-03-01T00:00:00Z,963,486
2022-03-01T00:00:00Z,964,1213
2022-03-01T00:00:00Z,965,463
2022-03-01T00:00:00Z,966,917
2022-03-01T00:00:00Z,967,1326
2022-03-01T00:00:00Z,968,1214
2022-03-01T00:00:00Z,969,49
2022-03-01T00:00:00Z,970,418
2022-03-01T00:00:00Z,971,681
2022-03-01T00:00:00Z,972,1078
2022-03-01T00:00:00Z,973,490
2022-03-01T00:00:00Z,974,1320
2022-03-01T00:00:00Z,975,182
2022-03-01T00:00:00Z,976,507
2022-03-01T00:00:00Z,977,1096
2022-03-01T00:00:00Z,978,1075
2022-03-01T00:00:00Z,979,1099
2022-03-01T00:00:00Z,980,1280
2022-03-01T00:00:00Z,981,1135
2022-03-01T00:00:00Z,982,678
2022-03-01T00:00:00Z,983,41
2022-03-01T00:00:00Z,984,638
2022-03-01T00:00:00Z,985,107
2022-03-01T00:00:00Z,986,264
2022-03-01T00:00:00Z,987,121
2022-03-01T00:00:00Z,988,235
2022-03-01T00:00:00Z,989,1054
2022-03-01T00:00:00Z,990,1172
2022-03-01T00:00:00Z,991,809
2022-03-01T00:00:00Z,992,450
2022-03-01T00:00:00Z,993,188
2022-03-01T00:00:00Z,994,1160
2022-03-01T00:00:00Z,995,1048
2022-03-01T00:00:00Z,996,1222
2022-03-01T00:00:00Z,997,306
2022-03-01T00:00:00Z,998,1124
2022-03-01T00:00:00Z,999,672
2022-03-01T00:00:00Z,1000,32
2022-03-01T00:00:00Z,1001,157
2022-03-01T00:00:00Z,1002,580
2022-03-01T00:00:00Z,1003,1083
2022-03-01T00:00:00Z,1004,87
2022-03-01T00:00:00Z,1005,1227
2022-03-01T00:00:00Z,1006,1047
2022-03-01T00:00:00Z,1007,1226
2022-03-01T00:00:00Z,1008,55
2022-03-01T00:00:00Z,1009,627
2022-03-01T00:00:00Z,1010,143
