date,participantId,aptId
2022-03-01T00:00:00Z,0,926
2022-03-01T00:00:00Z,1,928
2022-03-01T00:00:00Z,2,291
2022-03-01T00:00:00Z,3,1243
2022-03-01T00:00:00Z,4,194
2022-03-02T07:25:00Z,4,210
2022-03-02T07:30:00Z,4,29
2022-03-02T07:35:00Z,4,375
2022-03-03T08:20:00Z,4,136
2022-03-01T00:00:00Z,5,243
2022-03-01T00:00:00Z,6,183
2022-03-01T00:00:00Z,7,97
2022-03-01T00:00:00Z,8,321
2022-03-01T00:00:00Z,9,355
2022-03-01T00:00:00Z,10,91
2022-03-01T00:00:00Z,11,1582
2022-03-01T00:00:00Z,12,1198
2022-03-01T00:00:00Z,13,141
2022-03-01T00:00:00Z,14,66
2022-03-01T00:00:00Z,15,930
2022-03-01T00:00:00Z,16,101
2022-03-01T00:00:00Z,17,1003
2022-03-01T00:00:00Z,18,482
2022-03-01T00:00:00Z,19,276
2022-03-01T00:00:00Z,20,301
2022-03-01T00:00:00Z,21,169
2022-03-01T00:00:00Z,22,88
2022-03-01T00:00:00Z,23,532
2022-03-01T00:00:00Z,24,309
2022-03-01T00:00:00Z,25,273
2022-03-01T00:00:00Z,26,371
2022-03-01T00:00:00Z,27,1239
2022-03-01T00:00:00Z,28,1254
2022-03-01T00:00:00Z,29,344
2022-03-01T00:00:00Z,30,50
2022-03-02T08:15:00Z,30,136
2022-03-02T08:20:00Z,30,38
2022-03-02T20:00:00Z,30,25
2022-03-02T20:05:00Z,30,284
2022-03-01T00:00:00Z,31,810
2022-03-01T00:00:00Z,32,1146
2022-03-01T00:00:00Z,33,1397
2022-03-01T00:00:00Z,34,29
2022-03-01T09:00:00Z,34,145
2022-03-02T09:00:00Z,34,35
2022-03-01T00:00:00Z,35,215
2022-03-01T00:00:00Z,36,111
2022-03-01T00:00:00Z,37,1080
2022-03-01T00:00:00Z,38,1216
2022-03-01T00:00:00Z,39,188
2022-03-01T00:00:00Z,40,977
2022-03-01T00:00:00Z,41,245
2022-03-01T00:00:00Z,42,1471
2022-03-01T00:00:00Z,43,934
2022-03-01T00:00:00Z,44,NA
2022-03-01T00:00:00Z,45,955
2022-03-01T00:00:00Z,46,985
2022-03-01T00:00:00Z,47,58
2022-03-01T00:00:00Z,48,115
2022-03-01T00:00:00Z,49,1247
2022-03-01T00:00:00Z,50,279
2022-03-01T00:00:00Z,51,90
2022-03-01T00:00:00Z,52,336
2022-03-01T00:00:00Z,53,1599
2022-03-01T00:00:00Z,54,196
2022-03-01T00:00:00Z,55,92
2022-03-01T00:00:00Z,56,44
2022-03-01T00:00:00Z,57,16
2022-03-01T00:00:00Z,58,682
2022-03-01T00:00:00Z,59,1165
2022-03-01T00:00:00Z,60,266
2022-03-01T00:00:00Z,61,22
2022-03-01T00:00:00Z,62,352
2022-03-01T00:00:00Z,63,17
2022-03-01T00:00:00Z,64,320
2022-03-01T00:00:00Z,65,365
2022-03-01T00:00:00Z,66,190
2022-03-01T00:00:00Z,67,33
2022-03-01T00:00:00Z,68,109
2022-03-01T00:00:00Z,69,192
2022-03-01T00:00:00Z,70,74
2022-03-01T00:00:00Z,71,322
2022-03-01T00:00:00Z,72,1269
2022-03-01T00:00:00Z,73,73
2022-03-01T00:00:00Z,74,1085
2022-03-01T00:00:00Z,75,325
2022-03-01T00:00:00Z,76,76
2022-03-01T00:00:00Z,77,134
2022-03-01T00:00:00Z,78,641
2022-03-01T00:00:00Z,79,764
2022-03-01T00:00:00Z,80,28
2022-03-01T00:00:00Z,81,257
2022-03-01T00:00:00Z,82,202
2022-03-01T00:00:00Z,83,910
2022-03-01T00:00:00Z,84,298
2022-03-01T00:00:00Z,85,349
2022-03-01T00:00:00Z,86,288
2022-03-01T00:00:00Z,87,905
2022-03-01T00:00:00Z,88,1163
2022-03-01T00:00:00Z,89,577
2022-03-01T00:00:00Z,90,771
2022-03-01T00:00:00Z,91,1050
2022-03-01T00:00:00Z,92,106
2022-03-01T00:00:00Z,93,187
2022-03-01T00:00:00Z,94,367
2022-03-01T00:00:00Z,95,121
2022-03-01T00:00:00Z,96,122
2022-03-01T00:00:00Z,97,2
2022-03-01T00:00:00Z,98,229
2022-03-01T00:00:00Z,99,93
2022-03-01T00:00:00Z,100,1503
2022-03-01T00:00:00Z,101,1591
2022-03-01T00:00:00Z,102,909
2022-03-01T00:00:00Z,103,938
2022-03-01T00:00:00Z,104,1053
2022-03-01T00:00:00Z,105,154
2022-03-01T00:00:00Z,106,306
2022-03-01T00:00:00Z,107,206
2022-03-01T00:00:00Z,108,1195
2022-03-01T00:00:00Z,109,649
2022-03-01T00:00:00Z,110,679
2022-03-01T00:00:00Z,111,1057
2022-03-01T00:00:00Z,112,26
2022-03-01T00:00:00Z,113,64
2022-03-01T00:00:00Z,114,148
2022-03-01T00:00:00Z,115,191
2022-03-01T00:00:00Z,116,723
2022-03-01T00:00:00Z,117,210
2022-03-01T20:10:00Z,117,29
2022-03-01T20:25:00Z,117,227
2022-03-02T08:50:00Z,117,1034
2022-03-01T00:00:00Z,118,794
2022-03-01T00:00:00Z,119,368
2022-03-01T00:00:00Z,120,307
2022-03-01T00:00:00Z,121,31
2022-03-01T00:00:00Z,122,569
2022-03-01T00:00:00Z,123,1690
2022-03-01T00:00:00Z,124,1733
2022-03-01T00:00:00Z,125,1231
2022-03-01T00:00:00Z,126,1158
2022-03-01T00:00:00Z,127,NA
2022-03-01T00:00:00Z,128,281
2022-03-01T00:00:00Z,129,39
2022-03-01T00:00:00Z,130,54
2022-03-01T00:00:00Z,131,323
2022-03-01T00:00:00Z,132,168
2022-03-01T00:00:00Z,133,297
2022-03-01T00:00:00Z,134,965
2022-03-01T00:00:00Z,135,62
2022-03-01T00:00:00Z,136,312
2022-03-01T00:00:00Z,137,914
2022-03-01T00:00:00Z,138,209
2022-03-01T00:00:00Z,139,20
2022-03-01T00:00:00Z,140,1036
2022-03-01T00:00:00Z,141,NA
2022-03-02T17:35:00Z,141,1167
2022-03-02T21:30:00Z,141,373
2022-03-01T00:00:00Z,142,NA
2022-03-01T00:00:00Z,143,1073
2022-03-01T00:00:00Z,144,52
2022-03-01T00:00:00Z,145,906
2022-03-01T00:00:00Z,146,185
2022-03-01T00:00:00Z,147,289
2022-03-01T00:00:00Z,148,1076
2022-03-01T00:00:00Z,149,924
2022-03-01T00:00:00Z,150,1129
2022-03-01T00:00:00Z,151,1157
2022-03-01T00:00:00Z,152,14
2022-03-01T00:00:00Z,153,152
2022-03-01T00:00:00Z,154,NA
2022-03-01T00:00:00Z,155,1180
2022-03-01T00:00:00Z,156,184
2022-03-01T00:00:00Z,157,704
2022-03-01T00:00:00Z,158,1
2022-03-01T00:00:00Z,159,712
2022-03-01T00:00:00Z,160,991
2022-03-01T00:00:00Z,161,NA
2022-03-01T00:00:00Z,162,193
2022-03-01T00:00:00Z,163,992
2022-03-01T00:00:00Z,164,263
2022-03-01T00:00:00Z,165,147
2022-03-01T00:00:00Z,166,171
2022-03-01T00:00:00Z,167,137
2022-03-01T00:00:00Z,168,308
2022-03-01T00:00:00Z,169,153
2022-03-01T00:00:00Z,170,967
2022-03-01T00:00:00Z,171,1069
2022-03-01T00:00:00Z,172,213
2022-03-01T00:00:00Z,173,180
2022-03-01T00:00:00Z,174,203
2022-03-01T00:00:00Z,175,272
2022-03-01T00:00:00Z,176,12
2022-03-01T00:00:00Z,177,189
2022-03-01T00:00:00Z,178,30
2022-03-01T00:00:00Z,179,280
2022-03-01T00:00:00Z,180,180
2022-03-01T00:00:00Z,181,126
2022-03-01T00:00:00Z,182,151
2022-03-01T00:00:00Z,183,30
2022-03-01T00:00:00Z,184,186
2022-03-01T00:00:00Z,185,30
2022-03-01T00:00:00Z,186,135
2022-03-01T00:00:00Z,187,135
2022-03-01T00:00:00Z,188,378
2022-03-01T00:00:00Z,189,378
2022-03-01T00:00:00Z,190,161
2022-03-01T00:00:00Z,191,177
2022-03-01T00:00:00Z,192,378
2022-03-01T00:00:00Z,193,299
2022-03-01T00:00:00Z,194,378
2022-03-01T00:00:00Z,195,299
2022-03-01T00:00:00Z,196,216
2022-03-01T00:00:00Z,197,286
2022-03-01T00:00:00Z,198,299
2022-03-01T00:00:00Z,199,296
2022-03-01T00:00:00Z,200,299
2022-03-01T00:00:00Z,201,135
2022-03-01T00:00:00Z,202,362
2022-03-01T00:00:00Z,203,230
2022-03-01T00:00:00Z,204,135
2022-03-01T00:00:00Z,205,1191
2022-03-01T00:00:00Z,206,84
2022-03-01T00:00:00Z,207,252
2022-03-01T00:00:00Z,208,59
2022-03-01T00:00:00Z,209,252
2022-03-01T00:00:00Z,210,233
2022-03-01T00:00:00Z,211,252
2022-03-01T00:00:00Z,212,9
2022-03-01T00:00:00Z,213,356
2022-03-01T00:00:00Z,214,356
2022-03-01T00:00:00Z,215,356
2022-03-01T00:00:00Z,216,252
2022-03-01T00:00:00Z,217,80
2022-03-01T00:00:00Z,218,953
2022-03-01T00:00:00Z,219,174
2022-03-01T00:00:00Z,220,181
2022-03-01T00:00:00Z,221,376
2022-03-01T00:00:00Z,222,127
2022-03-01T00:00:00Z,223,346
2022-03-01T00:00:00Z,224,174
2022-03-01T00:00:00Z,225,174
2022-03-01T00:00:00Z,226,107
2022-03-01T00:00:00Z,227,72
2022-03-01T00:00:00Z,228,376
2022-03-01T00:00:00Z,229,75
2022-03-01T00:00:00Z,230,107
2022-03-01T00:00:00Z,231,100
2022-03-01T00:00:00Z,232,235
2022-03-01T00:00:00Z,233,75
2022-03-01T00:00:00Z,234,214
2022-03-01T00:00:00Z,235,159
2022-03-01T00:00:00Z,236,159
2022-03-01T00:00:00Z,237,159
2022-03-01T00:00:00Z,238,75
2022-03-01T00:00:00Z,239,83
2022-03-01T00:00:00Z,240,125
2022-03-01T00:00:00Z,241,75
2022-03-01T00:00:00Z,242,1264
2022-03-01T00:00:00Z,243,327
2022-03-01T00:00:00Z,244,69
2022-03-01T00:00:00Z,245,261
2022-03-01T00:00:00Z,246,55
2022-03-01T00:00:00Z,247,195
2022-03-01T00:00:00Z,248,261
2022-03-01T00:00:00Z,249,231
2022-03-01T00:00:00Z,250,331
2022-03-01T00:00:00Z,251,5
2022-03-01T00:00:00Z,252,702
2022-03-01T00:00:00Z,253,550
2022-03-01T00:00:00Z,254,1026
2022-03-01T00:00:00Z,255,824
2022-03-01T00:00:00Z,256,NA
2022-03-01T00:00:00Z,257,600
2022-03-01T00:00:00Z,258,797
2022-03-01T00:00:00Z,259,1141
2022-03-01T00:00:00Z,260,645
2022-03-01T00:00:00Z,261,711
2022-03-01T00:00:00Z,262,NA
2022-03-01T00:00:00Z,263,1390
2022-03-01T00:00:00Z,264,1563
2022-03-01T00:00:00Z,265,1644
2022-03-01T00:00:00Z,266,463
2022-03-01T00:00:00Z,267,NA
2022-03-01T00:00:00Z,268,1664
2022-03-01T00:00:00Z,269,719
2022-03-01T00:00:00Z,270,1618
2022-03-01T00:00:00Z,271,736
2022-03-01T00:00:00Z,272,1031
2022-03-01T00:00:00Z,273,816
2022-03-01T00:00:00Z,274,741
2022-03-01T00:00:00Z,275,1153
2022-03-01T00:00:00Z,276,1438
2022-03-01T00:00:00Z,277,517
2022-03-01T00:00:00Z,278,1589
2022-03-01T00:00:00Z,279,NA
2022-03-01T00:00:00Z,280,1090
2022-03-01T00:00:00Z,281,754
2022-03-01T00:00:00Z,282,1244
2022-03-01T00:00:00Z,283,757
2022-03-01T00:00:00Z,284,1110
2022-03-01T00:00:00Z,285,NA
2022-03-01T00:00:00Z,286,496
2022-03-01T00:00:00Z,287,713
2022-03-01T00:00:00Z,288,NA
2022-03-01T00:00:00Z,289,510
2022-03-01T00:00:00Z,290,1056
2022-03-01T00:00:00Z,291,717
2022-03-01T00:00:00Z,292,514
2022-03-01T00:00:00Z,293,1251
2022-03-01T00:00:00Z,294,485
2022-03-01T00:00:00Z,295,774
2022-03-01T00:00:00Z,296,488
2022-03-01T00:00:00Z,297,1517
2022-03-01T00:00:00Z,298,NA
2022-03-01T00:00:00Z,299,544
2022-03-01T00:00:00Z,300,1643
2022-03-01T00:00:00Z,301,NA
2022-03-01T00:00:00Z,302,1389
2022-03-01T00:00:00Z,303,694
2022-03-01T00:00:00Z,304,1557
2022-03-01T00:00:00Z,305,579
2022-03-01T00:00:00Z,306,1621
2022-03-01T00:00:00Z,307,457
2022-03-01T00:00:00Z,308,921
2022-03-01T00:00:00Z,309,946
2022-03-01T00:00:00Z,310,950
2022-03-01T00:00:00Z,311,671
2022-03-01T00:00:00Z,312,971
2022-03-01T00:00:00Z,313,1011
2022-03-01T00:00:00Z,314,655
2022-03-01T00:00:00Z,315,1078
2022-03-01T00:00:00Z,316,1143
2022-03-01T00:00:00Z,317,677
2022-03-01T00:00:00Z,318,733
2022-03-01T00:00:00Z,319,1185
2022-03-01T00:00:00Z,320,826
2022-03-01T00:00:00Z,321,609
2022-03-01T00:00:00Z,322,685
2022-03-01T00:00:00Z,323,1102
2022-03-01T00:00:00Z,324,1188
2022-03-01T00:00:00Z,325,729
2022-03-01T00:00:00Z,326,775
2022-03-01T00:00:00Z,327,1278
2022-03-01T00:00:00Z,328,815
2022-03-01T00:00:00Z,329,994
2022-03-01T00:00:00Z,330,464
2022-03-01T00:00:00Z,331,823
2022-03-01T00:00:00Z,332,1006
2022-03-01T00:00:00Z,333,1205
2022-03-01T00:00:00Z,334,1489
2022-03-01T00:00:00Z,335,1554
2022-03-01T00:00:00Z,336,468
2022-03-01T00:00:00Z,337,1486
2022-03-01T00:00:00Z,338,491
2022-03-01T00:00:00Z,339,1505
2022-03-01T00:00:00Z,340,1566
2022-03-01T00:00:00Z,341,1588
2022-03-01T00:00:00Z,342,737
2022-03-01T00:00:00Z,343,1657
2022-03-01T00:00:00Z,344,1691
2022-03-01T00:00:00Z,345,814
2022-03-01T00:00:00Z,346,NA
2022-03-01T00:00:00Z,347,1696
2022-03-01T00:00:00Z,348,480
2022-03-01T00:00:00Z,349,675
2022-03-01T00:00:00Z,350,703
2022-03-01T00:00:00Z,351,1712
2022-03-01T00:00:00Z,352,NA
2022-03-01T00:00:00Z,353,776
2022-03-01T00:00:00Z,354,1725
2022-03-01T00:00:00Z,355,819
2022-03-01T00:00:00Z,356,NA
2022-03-01T00:00:00Z,357,543
2022-03-01T00:00:00Z,358,806
2022-03-01T00:00:00Z,359,594
2022-03-01T00:00:00Z,360,768
2022-03-01T00:00:00Z,361,1411
2022-03-01T00:00:00Z,362,695
2022-03-01T00:00:00Z,363,481
2022-03-01T00:00:00Z,364,1586
2022-03-01T00:00:00Z,365,652
2022-03-01T00:00:00Z,366,1637
2022-03-01T00:00:00Z,367,1641
2022-03-01T00:00:00Z,368,1607
2022-03-01T00:00:00Z,369,1617
2022-03-01T00:00:00Z,370,556
2022-03-01T00:00:00Z,371,664
2022-03-01T00:00:00Z,372,NA
2022-03-02T16:55:00Z,372,784
2022-03-02T21:15:00Z,372,658
2022-03-02T21:20:00Z,372,793
2022-03-02T21:30:00Z,372,732
2022-03-03T09:15:00Z,372,1010
2022-03-01T00:00:00Z,373,963
2022-03-01T00:00:00Z,374,595
2022-03-01T00:00:00Z,375,1415
2022-03-01T00:00:00Z,376,1449
2022-03-01T00:00:00Z,377,1465
2022-03-01T00:00:00Z,378,755
2022-03-01T00:00:00Z,379,1268
2022-03-01T00:00:00Z,380,NA
2022-03-01T00:00:00Z,381,818
2022-03-01T00:00:00Z,382,NA
2022-03-01T00:00:00Z,383,NA
2022-03-01T00:00:00Z,384,NA
2022-03-01T00:00:00Z,385,740
2022-03-01T00:00:00Z,386,489
2022-03-01T00:00:00Z,387,788
2022-03-12T15:50:00Z,387,NA
2022-03-01T00:00:00Z,388,596
2022-03-01T00:00:00Z,389,512
2022-03-01T00:00:00Z,390,487
2022-03-01T00:00:00Z,391,947
2022-03-01T00:00:00Z,392,NA
2022-03-01T00:00:00Z,393,511
2022-03-01T00:00:00Z,394,710
2022-03-01T00:00:00Z,395,505
2022-03-01T00:00:00Z,396,454
2022-03-01T00:00:00Z,397,780
2022-03-01T00:00:00Z,398,551
2022-03-01T00:00:00Z,399,1105
2022-03-01T00:00:00Z,400,752
2022-03-01T00:00:00Z,401,1132
2022-03-01T00:00:00Z,402,1200
2022-03-01T00:00:00Z,403,NA
2022-03-02T16:10:00Z,403,667
2022-03-02T20:20:00Z,403,38
2022-03-02T20:25:00Z,403,373
2022-03-02T20:30:00Z,403,603
2022-03-01T00:00:00Z,404,1206
2022-03-01T00:00:00Z,405,541
2022-03-01T00:00:00Z,406,NA
2022-03-01T00:00:00Z,407,NA
2022-03-01T00:00:00Z,408,903
2022-03-01T00:00:00Z,409,547
2022-03-01T00:00:00Z,410,1405
2022-03-01T00:00:00Z,411,705
2022-03-01T00:00:00Z,412,1047
2022-03-01T00:00:00Z,413,1608
2022-03-01T00:00:00Z,414,1729
2022-03-01T00:00:00Z,415,1732
2022-03-01T00:00:00Z,416,720
2022-03-01T00:00:00Z,417,640
2022-03-01T00:00:00Z,418,542
2022-03-01T00:00:00Z,419,1025
2022-03-01T00:00:00Z,420,231
2022-03-01T00:00:00Z,421,802
2022-03-01T00:00:00Z,422,524
2022-03-01T00:00:00Z,423,261
2022-03-01T00:00:00Z,424,527
2022-03-01T00:00:00Z,425,562
2022-03-01T00:00:00Z,426,452
2022-03-01T00:00:00Z,427,616
2022-03-01T00:00:00Z,428,261
2022-03-01T00:00:00Z,429,1182
2022-03-01T00:00:00Z,430,561
2022-03-01T00:00:00Z,431,523
2022-03-01T00:00:00Z,432,809
2022-03-01T00:00:00Z,433,1189
2022-03-01T00:00:00Z,434,747
2022-03-01T00:00:00Z,435,519
2022-03-01T00:00:00Z,436,570
2022-03-01T00:00:00Z,437,608
2022-03-01T00:00:00Z,438,497
2022-03-01T00:00:00Z,439,601
2022-03-01T00:00:00Z,440,1051
2022-03-01T00:00:00Z,441,622
2022-03-01T00:00:00Z,442,592
2022-03-01T00:00:00Z,443,952
2022-03-01T00:00:00Z,444,1215
2022-03-01T00:00:00Z,445,660
2022-03-01T00:00:00Z,446,959
2022-03-01T00:00:00Z,447,1083
2022-03-01T00:00:00Z,448,575
2022-03-01T00:00:00Z,449,748
2022-03-01T00:00:00Z,450,456
2022-03-01T00:00:00Z,451,575
2022-03-01T00:00:00Z,452,807
2022-03-01T00:00:00Z,453,970
2022-03-01T00:00:00Z,454,1181
2022-03-01T00:00:00Z,455,1250
2022-03-01T00:00:00Z,456,465
2022-03-01T00:00:00Z,457,913
2022-03-01T00:00:00Z,458,1496
2022-03-01T00:00:00Z,459,520
2022-03-01T00:00:00Z,460,620
2022-03-01T00:00:00Z,461,620
2022-03-01T00:00:00Z,462,651
2022-03-01T00:00:00Z,463,453
2022-03-01T00:00:00Z,464,1209
2022-03-01T00:00:00Z,465,1209
2022-03-01T00:00:00Z,466,1120
2022-03-01T00:00:00Z,467,494
2022-03-01T00:00:00Z,468,638
2022-03-01T00:00:00Z,469,795
2022-03-01T00:00:00Z,470,471
2022-03-01T00:00:00Z,471,471
2022-03-01T00:00:00Z,472,590
2022-03-01T00:00:00Z,473,827
2022-03-01T00:00:00Z,474,471
2022-03-01T00:00:00Z,475,1156
2022-03-01T00:00:00Z,476,1179
2022-03-01T00:00:00Z,477,538
2022-03-01T00:00:00Z,478,800
2022-03-01T00:00:00Z,479,680
2022-03-01T00:00:00Z,480,1194
2022-03-01T00:00:00Z,481,458
2022-03-01T00:00:00Z,482,1272
2022-03-01T00:00:00Z,483,989
2022-03-01T00:00:00Z,484,509
2022-03-01T00:00:00Z,485,1023
2022-03-01T00:00:00Z,486,945
2022-03-01T00:00:00Z,487,687
2022-03-01T00:00:00Z,488,700
2022-03-01T00:00:00Z,489,1235
2022-03-01T00:00:00Z,490,1009
2022-03-01T00:00:00Z,491,813
2022-03-01T00:00:00Z,492,470
2022-03-01T00:00:00Z,493,574
2022-03-01T00:00:00Z,494,813
2022-03-01T00:00:00Z,495,718
2022-03-01T00:00:00Z,496,813
2022-03-01T00:00:00Z,497,1122
2022-04-11T09:05:00Z,497,939
2022-04-11T09:10:00Z,497,1029
2022-04-11T09:15:00Z,497,785
2022-04-12T07:45:00Z,497,582
2022-03-01T00:00:00Z,498,812
2022-03-01T00:00:00Z,499,1388
2022-03-01T00:00:00Z,500,988
2022-03-01T00:00:00Z,501,715
2022-03-01T00:00:00Z,502,451
2022-03-01T00:00:00Z,503,515
2022-03-01T00:00:00Z,504,1448
2022-03-01T00:00:00Z,505,1040
2022-03-01T00:00:00Z,506,979
2022-03-01T00:00:00Z,507,1597
2022-03-01T00:00:00Z,508,557
2022-03-01T00:00:00Z,509,NA
2022-03-01T00:00:00Z,510,NA
2022-03-01T00:00:00Z,511,1652
2022-03-01T00:00:00Z,512,NA
2022-03-01T00:00:00Z,513,1497
2022-03-01T00:00:00Z,514,NA
2022-03-01T00:00:00Z,515,1265
2022-03-01T00:00:00Z,516,1276
2022-03-01T00:00:00Z,517,1104
2022-03-01T00:00:00Z,518,1227
2022-03-01T00:00:00Z,519,1112
2022-03-01T00:00:00Z,520,1723
2022-03-01T00:00:00Z,521,920
2022-03-01T00:00:00Z,522,1475
2022-03-01T00:00:00Z,523,NA
2022-03-01T00:00:00Z,524,1386
2022-03-01T00:00:00Z,525,1581
2022-03-01T00:00:00Z,526,NA
2022-03-01T00:00:00Z,527,980
2022-03-01T00:00:00Z,528,1376
2022-03-01T00:00:00Z,529,923
2022-03-01T00:00:00Z,530,1114
2022-03-01T00:00:00Z,531,1546
2022-03-01T00:00:00Z,532,1667
2022-03-01T00:00:00Z,533,949
2022-03-01T00:00:00Z,534,1531
2022-03-01T00:00:00Z,535,1133
2022-03-01T00:00:00Z,536,1623
2022-03-01T00:00:00Z,537,697
2022-03-01T00:00:00Z,538,1218
2022-03-01T00:00:00Z,539,NA
2022-03-01T00:00:00Z,540,948
2022-03-01T00:00:00Z,541,NA
2022-03-01T00:00:00Z,542,1677
2022-03-01T00:00:00Z,543,983
2022-03-01T00:00:00Z,544,1214
2022-03-01T00:00:00Z,545,1260
2022-03-01T00:00:00Z,546,1434
2022-03-01T00:00:00Z,547,1692
2022-03-01T00:00:00Z,548,1426
2022-03-01T00:00:00Z,549,1555
2022-03-01T00:00:00Z,550,942
2022-03-01T00:00:00Z,551,1091
2022-03-01T00:00:00Z,552,1632
2022-03-01T00:00:00Z,553,NA
2022-03-01T00:00:00Z,554,1233
2022-03-01T00:00:00Z,555,1109
2022-03-01T00:00:00Z,556,1238
2022-03-01T00:00:00Z,557,936
2022-03-01T00:00:00Z,558,NA
2022-03-01T00:00:00Z,559,NA
2022-03-02T18:25:00Z,559,1267
2022-03-03T07:10:00Z,559,793
2022-03-01T00:00:00Z,560,1429
2022-03-01T00:00:00Z,561,1631
2022-03-01T00:00:00Z,562,1440
2022-03-01T00:00:00Z,563,943
2022-03-01T00:00:00Z,564,782
2022-03-01T00:00:00Z,565,1095
2022-03-01T00:00:00Z,566,993
2022-03-01T00:00:00Z,567,NA
2022-03-01T00:00:00Z,568,NA
2022-03-01T00:00:00Z,569,999
2022-03-01T00:00:00Z,570,1100
2022-03-01T00:00:00Z,571,1137
2022-03-01T00:00:00Z,572,NA
2022-03-01T00:00:00Z,573,459
2022-03-01T00:00:00Z,574,NA
2022-03-01T00:00:00Z,575,NA
2022-03-01T00:00:00Z,576,NA
2022-03-02T18:30:00Z,576,317
2022-03-03T08:30:00Z,576,38
2022-03-01T00:00:00Z,577,NA
2022-03-01T00:00:00Z,578,1473
2022-03-01T00:00:00Z,579,974
2022-03-01T00:00:00Z,580,NA
2022-03-01T00:00:00Z,581,1184
2022-03-01T00:00:00Z,582,951
2022-03-01T00:00:00Z,583,958
2022-03-01T00:00:00Z,584,1659
2022-03-01T00:00:00Z,585,1462
2022-03-01T00:00:00Z,586,1519
2022-03-01T00:00:00Z,587,1149
2022-03-01T00:00:00Z,588,1154
2022-03-01T00:00:00Z,589,NA
2022-03-01T00:00:00Z,590,907
2022-03-01T00:00:00Z,591,1549
2022-03-01T00:00:00Z,592,1627
2022-03-01T00:00:00Z,593,1638
2022-03-01T00:00:00Z,594,1703
2022-03-01T00:00:00Z,595,NA
2022-03-01T00:00:00Z,596,1242
2022-03-01T00:00:00Z,597,997
2022-03-01T00:00:00Z,598,756
2022-03-01T00:00:00Z,599,NA
2022-03-01T00:00:00Z,600,1012
2022-03-01T00:00:00Z,601,1150
2022-03-01T00:00:00Z,602,NA
2022-03-01T00:00:00Z,603,NA
2022-03-01T00:00:00Z,604,NA
2022-03-01T00:00:00Z,605,NA
2022-03-01T00:00:00Z,606,1178
2022-03-01T00:00:00Z,607,990
2022-03-01T00:00:00Z,608,1041
2022-03-01T00:00:00Z,609,769
2022-03-01T00:00:00Z,610,1103
2022-03-01T00:00:00Z,611,NA
2022-03-01T00:00:00Z,612,801
2022-03-01T00:00:00Z,613,1201
2022-03-01T00:00:00Z,614,777
2022-03-01T00:00:00Z,615,NA
2022-03-01T00:00:00Z,616,1700
2022-03-01T00:00:00Z,617,NA
2022-03-01T00:00:00Z,618,1361
2022-03-01T00:00:00Z,619,1414
2022-03-01T00:00:00Z,620,995
2022-03-01T00:00:00Z,621,NA
2022-03-01T00:00:00Z,622,1000
2022-03-01T00:00:00Z,623,1458
2022-03-01T00:00:00Z,624,1101
2022-03-01T00:00:00Z,625,1490
2022-03-01T00:00:00Z,626,1131
2022-03-01T00:00:00Z,627,1524
2022-03-01T00:00:00Z,628,NA
2022-03-01T00:00:00Z,629,NA
2022-03-01T00:00:00Z,630,1245
2022-03-01T00:00:00Z,631,1528
2022-03-01T00:00:00Z,632,1602
2022-03-01T00:00:00Z,633,479
2022-03-01T00:00:00Z,634,NA
2022-03-01T00:00:00Z,635,962
2022-03-01T00:00:00Z,636,735
2022-03-01T00:00:00Z,637,1055
2022-03-01T00:00:00Z,638,104
2022-03-01T00:00:00Z,639,NA
2022-03-01T00:00:00Z,640,NA
2022-03-02T17:15:00Z,640,912
2022-03-03T08:30:00Z,640,784
2022-03-01T00:00:00Z,641,NA
2022-03-01T00:00:00Z,642,105
2022-03-01T00:00:00Z,643,NA
2022-03-01T00:00:00Z,644,139
2022-03-01T00:00:00Z,645,219
2022-03-01T00:00:00Z,646,1046
2022-03-01T00:00:00Z,647,NA
2022-03-01T00:00:00Z,648,1173
2022-03-01T00:00:00Z,649,1499
2022-03-01T00:00:00Z,650,1371
2022-03-01T00:00:00Z,651,241
2022-03-01T00:00:00Z,652,792
2022-03-01T00:00:00Z,653,NA
2022-03-01T00:00:00Z,654,1224
2022-03-01T00:00:00Z,655,NA
2022-03-01T00:00:00Z,656,282
2022-03-01T00:00:00Z,657,NA
2022-03-01T00:00:00Z,658,NA
2022-03-01T00:00:00Z,659,1199
2022-03-01T00:00:00Z,660,908
2022-03-01T00:00:00Z,661,614
2022-03-01T00:00:00Z,662,1625
2022-03-01T00:00:00Z,663,NA
2022-03-01T00:00:00Z,664,1679
2022-03-01T00:00:00Z,665,1573
2022-03-01T00:00:00Z,666,461
2022-03-01T00:00:00Z,667,763
2022-03-01T00:00:00Z,668,NA
2022-03-01T00:00:00Z,669,781
2022-03-01T00:00:00Z,670,NA
2022-03-01T00:00:00Z,671,1564
2022-03-01T00:00:00Z,672,1177
2022-03-01T00:00:00Z,673,1404
2022-03-01T00:00:00Z,674,1092
2022-03-01T00:00:00Z,675,1249
2022-03-01T00:00:00Z,676,1484
2022-03-01T00:00:00Z,677,1534
2022-03-01T00:00:00Z,678,1020
2022-03-01T00:00:00Z,679,1079
2022-03-01T00:00:00Z,680,1541
2022-03-01T00:00:00Z,681,964
2022-03-01T00:00:00Z,682,1108
2022-03-01T00:00:00Z,683,1722
2022-03-01T00:00:00Z,684,1126
2022-03-01T00:00:00Z,685,1187
2022-03-01T00:00:00Z,686,1134
2022-03-01T00:00:00Z,687,1027
2022-03-01T00:00:00Z,688,1024
2022-03-01T00:00:00Z,689,1082
2022-03-01T00:00:00Z,690,1145
2022-03-01T00:00:00Z,691,1275
2022-03-01T00:00:00Z,692,1142
2022-03-01T00:00:00Z,693,1152
2022-03-01T00:00:00Z,694,904
2022-03-01T00:00:00Z,695,1064
2022-03-01T00:00:00Z,696,1202
2022-03-01T00:00:00Z,697,1210
2022-03-01T00:00:00Z,698,1170
2022-03-01T00:00:00Z,699,1170
2022-03-01T00:00:00Z,700,1144
2022-03-01T00:00:00Z,701,1013
2022-03-01T00:00:00Z,702,1170
2022-03-01T00:00:00Z,703,901
2022-03-01T00:00:00Z,704,1273
2022-03-01T00:00:00Z,705,628
2022-03-01T00:00:00Z,706,918
2022-03-01T00:00:00Z,707,1170
2022-03-01T00:00:00Z,708,935
2022-03-01T00:00:00Z,709,1585
2022-03-01T00:00:00Z,710,1600
2022-03-01T00:00:00Z,711,1246
2022-03-01T00:00:00Z,712,1246
2022-03-01T00:00:00Z,713,1246
2022-03-01T00:00:00Z,714,1159
2022-03-01T00:00:00Z,715,941
2022-03-01T00:00:00Z,716,1159
2022-03-01T00:00:00Z,717,1246
2022-03-01T00:00:00Z,718,1176
2022-03-01T00:00:00Z,719,972
2022-03-01T00:00:00Z,720,615
2022-03-01T00:00:00Z,721,1176
2022-03-01T00:00:00Z,722,969
2022-03-01T00:00:00Z,723,1176
2022-03-01T00:00:00Z,724,1675
2022-03-01T00:00:00Z,725,1014
2022-03-01T00:00:00Z,726,1037
2022-03-01T00:00:00Z,727,1203
2022-03-01T00:00:00Z,728,1459
2022-03-01T00:00:00Z,729,1086
2022-03-01T00:00:00Z,730,506
2022-03-01T00:00:00Z,731,1096
2022-03-01T00:00:00Z,732,1629
2022-03-01T00:00:00Z,733,1640
2022-03-01T00:00:00Z,734,1098
2022-03-01T00:00:00Z,735,1420
2022-03-01T00:00:00Z,736,1481
2022-03-01T00:00:00Z,737,1183
2022-03-01T00:00:00Z,738,1111
2022-03-01T00:00:00Z,739,984
2022-03-01T00:00:00Z,740,1160
2022-03-01T00:00:00Z,741,1183
2022-03-01T00:00:00Z,742,1485
2022-03-01T00:00:00Z,743,1578
2022-03-01T00:00:00Z,744,1045
2022-03-01T00:00:00Z,745,1510
2022-03-01T00:00:00Z,746,957
2022-03-01T00:00:00Z,747,1537
2022-03-01T00:00:00Z,748,1093
2022-03-01T00:00:00Z,749,1093
2022-03-01T00:00:00Z,750,1093
2022-03-01T00:00:00Z,751,1019
2022-03-01T00:00:00Z,752,1052
2022-03-01T00:00:00Z,753,1223
2022-03-01T00:00:00Z,754,1093
2022-03-01T00:00:00Z,755,1164
2022-03-01T00:00:00Z,756,NA
2022-03-01T00:00:00Z,757,NA
2022-03-01T00:00:00Z,758,1569
2022-03-01T00:00:00Z,759,1431
2022-03-01T00:00:00Z,760,NA
2022-03-01T00:00:00Z,761,NA
2022-03-01T00:00:00Z,762,NA
2022-03-01T00:00:00Z,763,1645
2022-03-01T00:00:00Z,764,366
2022-03-01T00:00:00Z,765,1384
2022-03-01T00:00:00Z,766,1682
2022-03-01T00:00:00Z,767,41
2022-03-01T00:00:00Z,768,NA
2022-03-01T00:00:00Z,769,277
2022-03-01T00:00:00Z,770,1502
2022-03-01T00:00:00Z,771,NA
2022-03-01T00:00:00Z,772,1634
2022-03-01T00:00:00Z,773,NA
2022-03-01T00:00:00Z,774,NA
2022-03-01T00:00:00Z,775,1714
2022-03-01T00:00:00Z,776,478
2022-03-01T00:00:00Z,777,476
2022-03-01T00:00:00Z,778,1560
2022-03-01T00:00:00Z,779,370
2022-03-01T00:00:00Z,780,NA
2022-03-01T00:00:00Z,781,23
2022-03-01T00:00:00Z,782,NA
2022-03-02T17:05:00Z,782,1087
2022-03-03T08:50:00Z,782,1139
2022-03-01T00:00:00Z,783,1727
2022-03-01T00:00:00Z,784,1596
2022-03-01T00:00:00Z,785,NA
2022-03-01T00:00:00Z,786,42
2022-03-01T00:00:00Z,787,124
2022-03-01T00:00:00Z,788,1606
2022-03-01T00:00:00Z,789,NA
2022-03-01T00:00:00Z,790,NA
2022-03-01T00:00:00Z,791,NA
2022-03-01T00:00:00Z,792,NA
2022-03-01T00:00:00Z,793,NA
2022-03-01T00:00:00Z,794,NA
2022-03-01T00:00:00Z,795,1574
2022-03-01T00:00:00Z,796,1412
2022-03-01T00:00:00Z,797,584
2022-03-01T00:00:00Z,798,NA
2022-03-02T18:05:00Z,798,981
2022-03-02T21:45:00Z,798,1167
2022-03-01T00:00:00Z,799,NA
2022-03-01T00:00:00Z,800,132
2022-03-01T00:00:00Z,801,1656
2022-03-01T00:00:00Z,802,NA
2022-03-01T00:00:00Z,803,691
2022-03-01T00:00:00Z,804,1587
2022-03-01T00:00:00Z,805,725
2022-03-01T00:00:00Z,806,NA
2022-03-01T00:00:00Z,807,198
2022-03-01T00:00:00Z,808,NA
2022-03-01T00:00:00Z,809,1428
2022-03-01T00:00:00Z,810,236
2022-03-01T00:00:00Z,811,486
2022-03-01T00:00:00Z,812,1530
2022-03-01T00:00:00Z,813,627
2022-03-01T00:00:00Z,814,1685
2022-03-01T00:00:00Z,815,500
2022-03-01T00:00:00Z,816,NA
2022-03-01T00:00:00Z,817,NA
2022-03-01T00:00:00Z,818,NA
2022-03-01T00:00:00Z,819,576
2022-03-01T00:00:00Z,820,672
2022-03-01T00:00:00Z,821,56
2022-03-01T00:00:00Z,822,166
2022-03-01T00:00:00Z,823,176
2022-03-01T00:00:00Z,824,NA
2022-03-01T00:00:00Z,825,NA
2022-03-01T00:00:00Z,826,1470
2022-03-01T00:00:00Z,827,NA
2022-03-01T00:00:00Z,828,NA
2022-03-01T00:00:00Z,829,178
2022-03-01T00:00:00Z,830,326
2022-03-01T00:00:00Z,831,NA
2022-03-01T00:00:00Z,832,NA
2022-03-01T00:00:00Z,833,552
2022-03-01T00:00:00Z,834,NA
2022-03-01T00:00:00Z,835,1456
2022-03-01T00:00:00Z,836,678
2022-03-01T00:00:00Z,837,221
2022-03-01T00:00:00Z,838,351
2022-03-01T00:00:00Z,839,NA
2022-03-01T00:00:00Z,840,1616
2022-03-01T00:00:00Z,841,1666
2022-03-01T00:00:00Z,842,NA
2022-03-01T00:00:00Z,843,1135
2022-03-01T00:00:00Z,844,1670
2022-03-01T00:00:00Z,845,53
2022-03-01T00:00:00Z,846,NA
2022-03-01T00:00:00Z,847,NA
2022-03-01T00:00:00Z,848,1432
2022-03-01T00:00:00Z,849,NA
2022-03-02T16:10:00Z,849,1077
2022-03-02T17:10:00Z,849,1044
2022-03-01T00:00:00Z,850,1469
2022-03-01T00:00:00Z,851,1400
2022-03-01T00:00:00Z,852,1127
2022-03-01T00:00:00Z,853,NA
2022-03-01T00:00:00Z,854,46
2022-03-01T00:00:00Z,855,NA
2022-03-01T00:00:00Z,856,NA
2022-03-01T00:00:00Z,857,1393
2022-03-01T00:00:00Z,858,NA
2022-03-01T00:00:00Z,859,NA
2022-03-01T00:00:00Z,860,NA
2022-03-01T00:00:00Z,861,1501
2022-03-01T00:00:00Z,862,NA
2022-03-01T00:00:00Z,863,1427
2022-03-01T00:00:00Z,864,NA
2022-03-01T00:00:00Z,865,605
2022-03-01T00:00:00Z,866,1686
2022-03-01T00:00:00Z,867,NA
2022-03-01T00:00:00Z,868,NA
2022-03-02T20:20:00Z,868,372
2022-03-01T00:00:00Z,869,1672
2022-03-01T00:00:00Z,870,1540
2022-03-01T00:00:00Z,871,726
2022-03-01T00:00:00Z,872,NA
2022-03-01T00:00:00Z,873,751
2022-03-01T00:00:00Z,874,1702
2022-03-01T00:00:00Z,875,NA
2022-03-01T00:00:00Z,876,NA
2022-03-01T00:00:00Z,877,1358
2022-03-01T00:00:00Z,878,1365
2022-03-01T00:00:00Z,879,1674
2022-03-01T00:00:00Z,880,240
2022-03-01T00:00:00Z,881,1731
2022-03-01T00:00:00Z,882,142
2022-03-01T00:00:00Z,883,NA
2022-03-01T00:00:00Z,884,NA
2022-03-01T00:00:00Z,885,NA
2022-03-01T00:00:00Z,886,NA
2022-03-01T00:00:00Z,887,NA
2022-03-01T00:00:00Z,888,1523
2022-03-01T00:00:00Z,889,334
2022-03-01T00:00:00Z,890,1378
2022-03-01T00:00:00Z,891,1544
2022-03-01T00:00:00Z,892,NA
2022-03-01T00:00:00Z,893,1710
2022-03-01T00:00:00Z,894,1718
2022-03-01T00:00:00Z,895,1547
2022-03-01T00:00:00Z,896,NA
2022-03-01T00:00:00Z,897,NA
2022-03-01T00:00:00Z,898,1583
2022-03-01T00:00:00Z,899,1660
2022-03-01T00:00:00Z,900,NA
2022-03-01T00:00:00Z,901,NA
2022-03-01T00:00:00Z,902,NA
2022-03-01T00:00:00Z,903,564
2022-03-01T00:00:00Z,904,916
2022-03-01T00:00:00Z,905,1380
2022-03-01T00:00:00Z,906,1230
2022-03-01T00:00:00Z,907,NA
2022-03-01T00:00:00Z,908,1520
2022-03-01T00:00:00Z,909,NA
2022-03-01T00:00:00Z,910,1687
2022-03-01T00:00:00Z,911,NA
2022-03-01T00:00:00Z,912,1379
2022-03-01T00:00:00Z,913,922
2022-03-01T00:00:00Z,914,19
2022-03-01T00:00:00Z,915,1394
2022-03-01T00:00:00Z,916,NA
2022-03-02T17:45:00Z,916,1077
2022-03-02T20:25:00Z,916,1043
2022-03-02T20:30:00Z,916,373
2022-03-02T20:35:00Z,916,709
2022-03-01T00:00:00Z,917,1688
2022-03-01T00:00:00Z,918,598
2022-03-01T00:00:00Z,919,NA
2022-03-01T00:00:00Z,920,NA
2022-03-01T00:00:00Z,921,1576
2022-03-01T00:00:00Z,922,779
2022-03-01T00:00:00Z,923,NA
2022-03-01T00:00:00Z,924,NA
2022-03-01T00:00:00Z,925,NA
2022-03-01T00:00:00Z,926,1052
2022-03-01T00:00:00Z,927,1052
2022-03-01T00:00:00Z,928,1352
2022-03-01T00:00:00Z,929,1450
2022-03-01T00:00:00Z,930,1052
2022-03-01T00:00:00Z,931,1038
2022-03-01T00:00:00Z,932,1444
2022-03-01T00:00:00Z,933,1553
2022-03-01T00:00:00Z,934,18
2022-03-01T00:00:00Z,935,1593
2022-03-01T00:00:00Z,936,1363
2022-03-01T00:00:00Z,937,1436
2022-03-01T00:00:00Z,938,1186
2022-03-01T00:00:00Z,939,1561
2022-03-01T00:00:00Z,940,1513
2022-03-01T00:00:00Z,941,1545
2022-03-01T00:00:00Z,942,1487
2022-03-01T00:00:00Z,943,1366
2022-03-01T00:00:00Z,944,47
2022-03-01T00:00:00Z,945,1221
2022-03-01T00:00:00Z,946,1513
2022-03-01T00:00:00Z,947,155
2022-03-01T00:00:00Z,948,1074
2022-03-01T00:00:00Z,949,1454
2022-03-01T00:00:00Z,950,250
2022-03-01T00:00:00Z,951,1711
2022-03-01T00:00:00Z,952,256
2022-03-01T00:00:00Z,953,1256
2022-03-01T00:00:00Z,954,1515
2022-03-01T00:00:00Z,955,314
2022-03-01T00:00:00Z,956,94
2022-03-01T00:00:00Z,957,1443
2022-03-01T00:00:00Z,958,70
2022-03-01T00:00:00Z,959,1706
2022-03-01T00:00:00Z,960,1257
2022-03-01T00:00:00Z,961,265
2022-03-01T00:00:00Z,962,1464
2022-03-01T00:00:00Z,963,265
2022-03-01T00:00:00Z,964,1478
2022-03-01T00:00:00Z,965,265
2022-03-01T00:00:00Z,966,265
2022-03-01T00:00:00Z,967,1661
2022-03-01T00:00:00Z,968,1419
2022-03-01T00:00:00Z,969,156
2022-03-01T00:00:00Z,970,377
2022-03-01T00:00:00Z,971,49
2022-03-01T00:00:00Z,972,1409
2022-03-01T00:00:00Z,973,95
2022-03-01T00:00:00Z,974,1609
2022-03-01T00:00:00Z,975,618
2022-03-01T00:00:00Z,976,825
2022-03-01T00:00:00Z,977,1407
2022-03-01T00:00:00Z,978,1416
2022-03-01T00:00:00Z,979,1472
2022-03-01T00:00:00Z,980,1395
2022-03-01T00:00:00Z,981,1724
2022-03-01T00:00:00Z,982,144
2022-03-01T00:00:00Z,983,341
2022-03-01T00:00:00Z,984,791
2022-03-01T00:00:00Z,985,531
2022-03-01T00:00:00Z,986,821
2022-03-01T00:00:00Z,987,621
2022-03-01T00:00:00Z,988,722
2022-03-01T00:00:00Z,989,1435
2022-03-01T00:00:00Z,990,1514
2022-03-01T00:00:00Z,991,688
2022-03-01T00:00:00Z,992,175
2022-03-01T00:00:00Z,993,13
2022-03-01T00:00:00Z,994,1579
2022-03-01T00:00:00Z,995,1612
2022-03-01T00:00:00Z,996,1713
2022-03-01T00:00:00Z,997,607
2022-03-01T00:00:00Z,998,1374
2022-03-01T00:00:00Z,999,51
2022-03-01T00:00:00Z,1000,345
2022-03-01T00:00:00Z,1001,275
2022-03-01T00:00:00Z,1002,528
2022-03-01T00:00:00Z,1003,1538
2022-03-01T00:00:00Z,1004,460
2022-03-01T00:00:00Z,1005,1558
2022-03-01T00:00:00Z,1006,1633
2022-03-01T00:00:00Z,1007,1620
2022-03-01T00:00:00Z,1008,525
2022-03-01T00:00:00Z,1009,663
2022-03-01T00:00:00Z,1010,597
